,speed,v_int,current_output,torque,current_measured,command_torque
0,-5000,-502,-31,24,-82,2
1,-5500,-546,-37,24,-63,2
2,-6000,-598,-40,26,-67,2
3,-6500,-647,-42,27,-74,2
4,-7000,-701,-57,23,-65,2
5,-7500,-748,-31,22,-74,2
6,-8000,-799,-34,24,-87,2
7,-8500,-849,-33,28,-76,2
8,-9000,-899,-40,25,-76,2
9,-9500,-950,-51,21,-79,2
10,-10000,-999,-38,22,-78,2
11,-5000,-502,-31,24,-82,2
12,-5500,-546,-37,24,-63,2
13,-6000,-598,-40,26,-67,2
14,-6500,-647,-42,27,-74,2
15,-7000,-701,-57,23,-65,2
16,-7500,-748,-31,22,-74,2
17,-8000,-799,-34,24,-87,2
18,-8500,-849,-33,28,-76,2
19,-9000,-899,-40,25,-76,2
20,-9500,-950,-51,21,-79,2
21,-10000,-999,-38,22,-78,2
22,-10500,-1050,-40,25,-80,2
23,-11000,-1101,-55,18,-89,2
24,-11500,-1149,-52,21,-83,2
25,-12000,-1200,-48,23,-92,2
26,-12500,-1250,-55,25,-94,2
27,-13000,-1299,-38,22,-83,2
28,-13500,-1348,-42,18,-84,2
29,-14000,-1399,-42,17,-98,2
30,-14500,-1449,-31,17,-87,2
31,-15000,-1498,-50,18,-92,2
32,-15500,-1549,-46,18,-86,2
33,-16000,-1600,-45,17,-90,2
34,-16500,-1649,-49,19,-89,2
35,-17000,-1699,-43,22,-94,2
36,-17500,-1750,-51,22,-91,2
37,-18000,-1798,-52,20,-92,2
38,-18500,-1850,-36,21,-104,2
39,-19000,-1898,-28,20,-73,2
40,-19500,-1950,-26,23,-98,2
41,-20000,-2001,-13,25,-121,2
42,-20500,-2049,-14,18,-98,2
43,-21000,-2102,-30,23,-131,2
44,-21500,-2151,-26,25,-94,2
45,-22000,-2203,-30,23,-133,2
46,-22500,-2247,-43,23,-61,2
47,-23000,-2297,-42,23,-69,2
48,-23500,-2346,-21,24,-56,2
49,-24000,-2400,-43,18,-115,2
50,-24500,-2453,-53,21,-135,2
51,-25000,-2501,-38,19,-118,2
52,-25500,-2548,-37,19,-80,2
53,-26000,-2599,-48,18,-101,2
54,-26500,-2647,-36,18,-67,2
55,-27000,-2702,-14,19,-135,2
56,-27500,-2754,-21,16,-162,2
57,-28000,-2802,-26,16,-122,2
58,-28500,-2847,-21,15,-91,2
59,-29000,-2901,-35,18,-123,2
60,-29500,-2951,-38,18,-117,2
61,-30000,-2998,-36,18,-99,2
62,-30500,-3048,-57,16,-102,2
63,-31000,-3097,-65,16,-94,2
64,-31500,-3152,-53,19,-152,2
65,-32000,-3196,-54,20,-82,2
66,-32500,-3246,-50,16,-77,2
67,-33000,-3300,-38,16,-92,2
68,-33500,-3343,-30,18,-46,2
69,-34000,-3395,-28,17,-82,2
70,-34500,-3447,-14,17,-100,2
71,-35000,-3496,-7,18,-69,2
72,-35500,-3545,-14,18,-78,2
73,-36000,-3598,-9,26,-109,2
74,-36500,-3655,-12,24,-149,2
75,-37000,-3702,-19,17,-131,2
76,-37500,-3754,-24,21,-154,2
77,-38000,-3801,-34,26,-104,2
78,-38500,-3850,-21,21,-107,2
79,-39000,-3907,-29,22,-215,2
80,-39500,-3946,-46,22,-120,2
81,-40000,-4006,-25,16,-201,2
82,-40500,-4037,-31,16,-13,2
83,-41000,-4108,-33,22,-213,2
84,-41500,-4152,-27,13,-179,2
85,-42000,-4201,-22,12,-109,2
86,-42500,-4242,-28,9,-114,2
87,-43000,-4294,-28,15,-71,2
88,-43500,-4350,-24,13,-102,2
89,-44000,-4389,-28,14,-4,2
90,-44500,-4442,-42,13,-29,2
91,-45000,-4495,-31,17,-165,2
92,-45500,-4563,-38,20,-257,2
93,-46000,-4596,-42,14,-183,2
94,-46500,-4640,-38,13,-21,2
95,-47000,-4697,-46,18,-62,2
96,-47500,-4741,-44,14,-42,2
97,-48000,-4806,-30,19,-253,2
98,-48500,-4869,-40,11,-294,2
99,-49000,-4901,-42,19,-203,2
100,-49500,-4942,-35,15,1,2
101,-50000,-4993,-20,24,-38,2
102,-50500,-5046,-18,16,-73,2
103,-51000,-5090,-20,18,-137,2
104,-51500,-5141,-21,20,-111,2
105,-52000,-5196,-31,19,-112,2
106,-52500,-5266,-27,23,-270,2
107,-53000,-5306,-40,19,-148,2
108,-53500,-5352,-24,17,-240,2
109,-54000,-5390,-26,18,-41,2
110,-54500,-5438,-35,18,16,2
111,-55000,-5505,-41,22,-150,2
112,-55500,-5544,-43,18,-90,2
113,-56000,-5600,-44,13,-167,2
114,-56500,-5640,-59,14,-29,2
115,-57000,-5697,-33,16,-149,2
116,-57500,-5752,-32,12,-201,2
117,-58000,-5789,-33,13,-25,2
118,-58500,-5863,-35,15,-276,2
119,-59000,-5911,-43,23,-306,2
120,-59500,-5950,-41,24,-85,2
121,-1000,-117,-30,32,125,2
122,-1500,-148,-54,27,-107,2
123,-2000,-200,-5,36,111,2
124,-2500,-251,-9,36,122,2
125,-3000,-302,-31,36,-127,2
126,-3500,-353,-41,29,-151,2
127,-4000,-397,-42,32,-104,2
128,-4500,-448,-57,27,-114,2
129,-5000,-500,-48,28,-113,2
130,-5500,-547,-42,36,-115,2
131,-6000,-602,-52,25,-137,2
132,-6500,-647,-52,30,-102,2
133,-7000,-699,-26,30,-81,2
134,-7500,-739,-35,36,-84,2
135,-8000,-803,-38,31,-135,2
136,-8500,-850,-38,30,-128,2
137,-9000,-900,-38,33,-122,2
138,-9500,-949,-42,32,-126,2
139,-10000,-999,-36,28,-135,2
140,-10500,-1050,-36,30,-124,2
141,-11000,-1100,-30,27,-128,2
142,-11500,-1149,-31,23,-122,2
143,-12000,-1199,-49,26,-135,2
144,-12500,-1248,-54,25,-118,2
145,-13000,-1298,-42,23,-128,2
146,-13500,-1349,-47,27,-127,2
147,-14000,-1398,-47,29,-123,2
148,-14500,-1451,-36,23,-129,2
149,-15000,-1498,-31,27,-127,2
150,-15500,-1548,-44,24,-126,2
151,-16000,-1601,-38,27,-144,2
152,-16500,-1648,-33,21,-130,2
153,-17000,-1698,-37,22,-134,2
154,-17500,-1751,-35,26,-148,2
155,-18000,-1796,-44,25,-119,2
156,-18500,-1848,-46,24,-135,2
157,-19000,-1898,-52,22,-114,2
158,-19500,-1948,-43,23,-130,2
159,-20000,-1999,-44,23,-156,2
160,-20500,-2048,-36,24,-121,2
161,-21000,-2101,-18,26,-161,2
162,-21500,-2153,-14,26,-172,2
163,-22000,-2201,-14,26,-159,2
164,-22500,-2248,-5,31,-133,2
165,-23000,-2297,-6,25,-131,2
166,-23500,-2348,-11,25,-123,2
167,-24000,-2399,-20,29,-149,2
168,-24500,-2453,-21,27,-186,2
169,-25000,-2500,-37,28,-162,2
170,-25500,-2547,-44,27,-106,2
171,-26000,-2600,-33,22,-155,2
172,-26500,-2647,-37,32,-140,2
173,-27000,-2702,-34,23,-173,2
174,-27500,-2748,-52,22,-124,2
175,-28000,-2799,-43,22,-129,2
176,-28500,-2849,-44,23,-160,2
177,-29000,-2905,-35,23,-198,2
178,-29500,-2953,-19,17,-180,2
179,-30000,-2999,-10,15,-171,2
180,-30500,-3054,-25,25,-178,2
181,-31000,-3104,-13,18,-194,2
182,-31500,-3150,-13,21,-164,2
183,-32000,-3205,-31,19,-194,2
184,-32500,-3254,-35,24,-196,2
185,-33000,-3299,-44,18,-162,2
186,-33500,-3353,-46,23,-187,2
187,-34000,-3403,-50,30,-171,2
188,-34500,-3454,-38,19,-212,2
189,-35000,-3497,-40,24,-134,2
190,-35500,-3548,-36,20,-156,2
191,-36000,-3603,-27,14,-164,2
192,-36500,-3650,-17,25,-197,2
193,-37000,-3703,-23,18,-208,2
194,-37500,-3740,-24,24,-55,2
195,-38000,-3809,-17,22,-248,2
196,-38500,-3851,-7,20,-169,2
197,-39000,-3902,-13,27,-167,2
198,-39500,-3940,-24,25,-112,2
199,-40000,-3997,-19,32,-123,2
200,-40500,-4049,-34,21,-178,2
201,-41000,-4098,-18,28,-143,2
202,-41500,-4145,-29,26,-147,2
203,-42000,-4195,-30,24,-158,2
204,-42500,-4264,-38,18,-333,2
205,-43000,-4316,-31,18,-312,2
206,-43500,-4347,-27,20,-139,2
207,-44000,-4384,-23,16,-41,2
208,-44500,-4447,-21,16,-151,2
209,-45000,-4516,-18,22,-316,2
210,-45500,-4552,-23,24,-171,2
211,-46000,-4613,-22,15,-297,2
212,-46500,-4649,-26,17,-133,2
213,-47000,-4693,-20,23,-164,2
214,-47500,-4744,-23,21,-85,2
215,-48000,-4820,-41,20,-353,2
216,-48500,-4841,-26,20,-70,2
217,-49000,-4922,-29,22,-379,2
218,-49500,-4949,-39,23,-109,2
219,-50000,-4990,-38,20,-101,2
220,-50500,-5041,-37,20,-108,2
221,-51000,-5114,-29,19,-348,2
222,-51500,-5169,-32,18,-364,2
223,-52000,-5195,-22,26,-192,2
224,-52500,-5253,-17,23,-190,2
225,-53000,-5293,-22,23,-88,2
226,-53500,-5362,-27,29,-305,2
227,-54000,-5390,-36,19,-72,2
228,-54500,-5441,-29,23,-118,2
229,-55000,-5485,-40,24,-43,2
230,-55500,-5550,-25,23,-235,2
231,-56000,-5600,-24,26,-229,2
232,-56500,-5637,-33,15,-62,2
233,-57000,-5713,-45,21,-272,2
234,-57500,-5756,-35,20,-221,2
235,-58000,-5804,-57,21,-275,2
236,-58500,-5837,-45,27,-30,2
237,-59000,-5895,-26,17,-148,2
238,-59500,-5960,-35,28,-338,2
239,-1000,-106,-19,51,104,3
240,-1500,-144,-9,42,-131,3
241,-2000,-203,-22,40,-199,3
242,-2500,-247,-36,42,136,3
243,-3000,-295,-36,30,-115,3
244,-3500,-347,-11,33,-136,3
245,-4000,-399,-23,37,-165,3
246,-4500,-449,-49,37,-149,3
247,-5000,-499,-49,35,-161,3
248,-5500,-551,-40,33,-157,3
249,-6000,-598,-25,39,-126,3
250,-6500,-650,-56,41,-184,3
251,-7000,-699,-45,38,-137,3
252,-7500,-764,-27,33,-349,3
253,-8000,-798,-38,35,-139,3
254,-8500,-851,-23,46,-191,3
255,-9000,-902,-32,42,-182,3
256,-9500,-951,-46,37,-175,3
257,-10000,-1000,-39,36,-168,3
258,-10500,-1050,-37,33,-166,3
259,-11000,-1099,-37,41,-172,3
260,-11500,-1150,-36,35,-181,3
261,-12000,-1200,-25,40,-177,3
262,-12500,-1249,-31,32,-172,3
263,-13000,-1299,-51,40,-168,3
264,-13500,-1349,-47,35,-169,3
265,-14000,-1400,-44,35,-174,3
266,-14500,-1450,-38,31,-170,3
267,-15000,-1499,-40,31,-180,3
268,-15500,-1549,-32,35,-180,3
269,-16000,-1599,-40,37,-172,3
270,-16500,-1648,-38,31,-180,3
271,-17000,-1698,-35,27,-178,3
272,-17500,-1751,-44,24,-189,3
273,-18000,-1799,-41,30,-175,3
274,-18500,-1848,-34,26,-191,3
275,-19000,-1901,-43,26,-172,3
276,-19500,-1948,-50,26,-180,3
277,-20000,-1997,-43,33,-170,3
278,-20500,-2048,-49,25,-184,3
279,-21000,-2098,-40,32,-178,3
280,-21500,-2153,-26,27,-203,3
281,-22000,-2199,-10,32,-180,3
282,-22500,-2251,-7,35,-177,3
283,-23000,-2296,-6,29,-157,3
284,-23500,-2352,-7,29,-191,3
285,-24000,-2400,-9,35,-195,3
286,-24500,-2449,-13,28,-194,3
287,-25000,-2497,-19,28,-182,3
288,-25500,-2552,-32,31,-192,3
289,-26000,-2596,-29,28,-155,3
290,-26500,-2647,-42,33,-159,3
291,-27000,-2697,-36,30,-171,3
292,-27500,-2755,-36,27,-236,3
293,-28000,-2803,-28,28,-221,3
294,-28500,-2847,-45,30,-177,3
295,-29000,-2902,-38,24,-226,3
296,-29500,-2949,-27,20,-221,3
297,-30000,-2996,-13,23,-160,3
298,-30500,-3048,-11,25,-202,3
299,-31000,-3097,-17,25,-186,3
300,-31500,-3147,-17,33,-176,3
301,-32000,-3197,-24,25,-208,3
302,-32500,-3250,-36,25,-233,3
303,-33000,-3296,-31,32,-173,3
304,-33500,-3347,-27,27,-210,3
305,-34000,-3400,-42,25,-229,3
306,-34500,-3442,-43,20,-129,3
307,-35000,-3504,-27,21,-243,3
308,-35500,-3559,-25,29,-298,3
309,-36000,-3595,-16,25,-143,3
310,-36500,-3656,-21,30,-245,3
311,-37000,-3701,-21,32,-209,3
312,-37500,-3753,-6,29,-236,3
313,-38000,-3793,1,27,-164,3
314,-38500,-3839,-13,38,-139,3
315,-39000,-3897,-22,34,-210,3
316,-39500,-3947,-22,34,-148,3
317,-40000,-4000,-9,29,-194,3
318,-40500,-4067,-18,28,-370,3
319,-41000,-4092,-21,26,-143,3
320,-41500,-4142,-30,30,-157,3
321,-42000,-4196,-27,28,-216,3
322,-42500,-4264,-34,21,-346,3
323,-43000,-4312,-20,19,-283,3
324,-43500,-4348,-34,16,-185,3
325,-44000,-4396,-18,22,-241,3
326,-44500,-4448,-20,21,-193,3
327,-45000,-4521,-25,26,-414,3
328,-45500,-4538,-6,25,-96,3
329,-46000,-4616,-7,21,-407,3
330,-46500,-4648,-31,24,-237,3
331,-47000,-4686,-21,22,-168,3
332,-47500,-4742,-35,28,-177,3
333,-48000,-4810,-44,28,-353,3
334,-48500,-4843,-32,18,-177,3
335,-49000,-4909,-32,16,-328,3
336,-49500,-4947,-27,17,-251,3
337,-50000,-4990,-33,28,-199,3
338,-50500,-5051,-14,24,-213,3
339,-51000,-5111,-10,31,-308,3
340,-51500,-5155,-19,31,-271,3
341,-52000,-5203,-23,30,-297,3
342,-52500,-5236,-17,29,-59,3
343,-53000,-5285,-14,20,-103,3
344,-53500,-5349,-17,28,-219,3
345,-54000,-5393,-15,22,-201,3
346,-54500,-5444,-20,24,-191,3
347,-55000,-5494,-30,21,-182,3
348,-55500,-5549,-28,20,-273,3
349,-56000,-5603,-32,23,-338,3
350,-56500,-5646,-20,25,-231,3
351,-57000,-5711,-34,17,-379,3
352,-57500,-5767,-18,18,-408,3
353,-58000,-5800,-36,22,-269,3
354,-58500,-5853,-28,27,-294,3
355,-59000,-5895,-48,24,-173,3
356,-59500,-5950,-34,29,-245,3
357,-1000,-112,-36,47,158,3
358,-1500,-157,-12,43,269,3
359,-2000,-199,-9,51,-202,3
360,-2500,-250,18,46,198,3
361,-3000,-293,-31,46,-148,3
362,-3500,-348,-29,45,-164,3
363,-4000,-400,-12,48,-188,3
364,-4500,-451,-39,44,-227,3
365,-5000,-498,-23,36,-207,3
366,-5500,-550,-27,48,-196,3
367,-6000,-598,-21,46,-237,3
368,-6500,-650,-42,42,-187,3
369,-7000,-768,-33,45,-867,3
370,-7500,-748,-32,45,-172,3
371,-8000,-798,-40,40,-231,3
372,-8500,-850,-46,43,-188,3
373,-9000,-900,-44,46,-206,3
374,-9500,-951,-53,41,-212,3
375,-10000,-999,-50,37,-202,3
376,-10500,-1050,-45,47,-211,3
377,-11000,-1101,-42,34,-211,3
378,-11500,-1149,-50,36,-198,3
379,-12000,-1200,-35,43,-219,3
380,-12500,-1249,-28,42,-207,3
381,-13000,-1300,-34,43,-220,3
382,-13500,-1350,-44,35,-232,3
383,-14000,-1399,-25,38,-220,3
384,-14500,-1449,-39,33,-215,3
385,-15000,-1500,-39,29,-214,3
386,-15500,-1547,-47,35,-207,3
387,-16000,-1602,-39,33,-222,3
388,-16500,-1649,-44,33,-213,3
389,-17000,-1698,-56,35,-209,3
390,-17500,-1751,-31,37,-221,3
391,-18000,-1797,-13,36,-216,3
392,-18500,-1849,-5,36,-219,3
393,-19000,-1901,-13,39,-218,3
394,-19500,-1948,-3,42,-220,3
395,-20000,-2001,-11,38,-231,3
396,-20500,-2047,-15,43,-214,3
397,-21000,-2099,-18,33,-233,3
398,-21500,-2150,-29,34,-235,3
399,-22000,-2199,-26,36,-219,3
400,-22500,-2253,-32,38,-248,3
401,-23000,-2301,-29,38,-240,3
402,-23500,-2353,-22,29,-254,3
403,-24000,-2395,-31,33,-236,3
404,-24500,-2448,-36,32,-226,3
405,-25000,-2495,-28,28,-216,3
406,-25500,-2552,-16,21,-252,3
407,-26000,-2604,-9,34,-266,3
408,-26500,-2653,-5,24,-257,3
409,-27000,-2697,-5,36,-231,3
410,-27500,-2749,-21,33,-240,3
411,-28000,-2800,-22,27,-253,3
412,-28500,-2850,-37,28,-233,3
413,-29000,-2896,-33,33,-219,3
414,-29500,-2945,-27,29,-213,3
415,-30000,-3006,-32,24,-277,3
416,-30500,-3048,-31,25,-229,3
417,-31000,-3098,-19,30,-236,3
418,-31500,-3155,-12,33,-274,3
419,-32000,-3198,-11,27,-232,3
420,-32500,-3246,-10,29,-217,3
421,-33000,-3306,0,37,-285,3
422,-33500,-3345,-8,40,-223,3
423,-34000,-3399,-6,35,-242,3
424,-34500,-3457,-9,38,-262,3
425,-35000,-3496,-16,32,-241,3
426,-35500,-3544,-20,36,-243,3
427,-36000,-3603,-26,30,-252,3
428,-36500,-3648,-15,23,-259,3
429,-37000,-3710,-21,23,-348,3
430,-37500,-3742,-9,24,-209,3
431,-38000,-3809,-16,25,-303,3
432,-38500,-3857,-24,20,-273,3
433,-39000,-3901,-13,26,-271,3
434,-39500,-3946,-12,32,-254,3
435,-40000,-3994,-10,29,-222,3
436,-40500,-4039,-9,32,-161,3
437,-41000,-4103,-15,26,-297,3
438,-41500,-4150,-17,21,-254,3
439,-42000,-4212,-30,25,-350,3
440,-42500,-4250,-32,26,-292,3
441,-43000,-4316,-42,27,-414,3
442,-43500,-4349,-17,19,-256,3
443,-44000,-4396,-33,20,-226,3
444,-44500,-4441,-10,26,-200,3
445,-45000,-4493,-21,21,-193,3
446,-45500,-4549,-15,33,-244,3
447,-46000,-4584,-13,31,-114,3
448,-46500,-4643,-18,29,-244,3
449,-47000,-4716,-11,31,-388,3
450,-47500,-4740,-26,38,-248,3
451,-48000,-4791,-15,25,-190,3
452,-48500,-4840,-25,23,-171,3
453,-49000,-4898,-35,30,-263,3
454,-49500,-4937,-34,25,-180,3
455,-50000,-5005,-28,24,-360,3
456,-50500,-5042,-45,25,-245,3
457,-51000,-5100,-32,30,-276,3
458,-51500,-5142,-20,22,-170,3
459,-52000,-5214,-29,28,-419,3
460,-52500,-5246,-21,34,-231,3
461,-53000,-5290,-35,33,-192,3
462,-53500,-5339,-26,24,-174,3
463,-54000,-5396,-36,29,-286,3
464,-54500,-5469,-21,24,-442,3
465,-55000,-5496,-44,31,-266,3
466,-55500,-5546,-34,22,-242,3
467,-56000,-5594,-35,12,-224,3
468,-56500,-5661,-35,24,-414,3
469,-57000,-5689,-23,26,-163,3
470,-57500,-5745,-21,30,-257,3
471,-58000,-5797,-17,25,-281,3
472,-58500,-5849,-25,33,-278,3
473,-59000,-5898,-27,26,-305,3
474,-59500,-5940,-25,23,-215,3
475,-1000,-104,0,31,63,2
476,-1500,-147,7,32,63,2
477,-2000,-201,-37,23,78,2
478,-2500,-242,-56,28,-67,2
479,-3000,-295,-42,29,-62,2
480,-3500,-347,-35,30,-67,2
481,-4000,-400,-50,23,-94,2
482,-4500,-447,-60,5,-88,2
483,-5000,-500,-66,18,-75,2
484,-5500,-554,-52,-404,-96,2
485,-6000,-604,-34,5,-78,2
486,-6500,-649,-35,24,-75,2
487,-7000,-696,-30,19,-63,2
488,-7500,-745,-45,16,-72,2
489,-8000,-799,-52,17,-71,2
490,-8500,-849,-52,17,-75,2
491,-9000,-901,-44,18,-85,2
492,-9500,-951,-40,19,-76,2
493,-10000,-999,-50,19,-87,2
494,-10500,-1050,-41,22,-86,2
495,-11000,-1099,-37,23,-87,2
496,-11500,-1149,-40,21,-92,2
497,-12000,-1199,-22,27,-85,2
498,-12500,-1250,-19,26,-88,2
499,-13000,-1299,-44,22,-79,2
500,-13500,-1348,-34,19,-84,2
501,-14000,-1398,-36,22,-82,2
502,-14500,-1451,-48,21,-102,2
503,-15000,-1498,-28,24,-85,2
504,-15500,-1549,-24,21,-86,2
505,-16000,-1602,-29,20,-113,2
506,-16500,-1648,-44,23,-85,2
507,-17000,-1698,-39,21,-83,2
508,-17500,-1750,-42,18,-108,2
509,-18000,-1798,-40,21,-89,2
510,-18500,-1848,-43,23,-94,2
511,-19000,-1899,-33,19,-82,2
512,-19500,-1949,-41,19,-107,2
513,-20000,-1999,-41,20,-101,2
514,-20500,-2047,-47,14,-75,2
515,-21000,-2100,-59,16,-111,2
516,-21500,-2151,-51,18,-120,2
517,-22000,-2198,-40,17,-91,2
518,-22500,-2253,-47,15,-141,2
519,-23000,-2299,-43,21,-81,2
520,-23500,-2352,-32,17,-135,2
521,-24000,-2397,-17,18,-82,2
522,-24500,-2450,-13,22,-99,2
523,-25000,-2498,-13,20,-75,2
524,-25500,-2553,-13,23,-141,2
525,-26000,-2599,-17,19,-110,2
526,-26500,-2652,-20,22,-140,2
527,-27000,-2699,-39,22,-109,2
528,-27500,-2750,-27,23,-104,2
529,-28000,-2797,-40,25,-79,2
530,-28500,-2846,-41,16,-74,2
531,-29000,-2897,-44,18,-82,2
532,-29500,-2947,-36,19,-91,2
533,-30000,-3004,-39,22,-141,2
534,-30500,-3044,-31,17,-55,2
535,-31000,-3096,-28,14,-91,2
536,-31500,-3154,-20,13,-163,2
537,-32000,-3194,-29,18,-51,2
538,-32500,-3245,-36,15,-75,2
539,-33000,-3303,-36,14,-130,2
540,-33500,-3344,-62,16,-72,2
541,-34000,-3392,-43,17,-54,2
542,-34500,-3448,-47,19,-123,2
543,-35000,-3496,-41,22,-95,2
544,-35500,-3546,-45,15,-78,2
545,-36000,-3597,-23,13,-115,2
546,-36500,-3654,-28,17,-129,2
547,-37000,-3703,-17,22,-139,2
548,-37500,-3757,-14,20,-202,2
549,-38000,-3800,-21,22,-117,2
550,-38500,-3846,-15,22,-108,2
551,-39000,-3896,-24,18,-100,2
552,-39500,-3952,-26,21,-159,2
553,-40000,-4007,-18,16,-209,2
554,-40500,-4048,-29,18,-72,2
555,-41000,-4094,-45,15,-90,2
556,-41500,-4133,-32,14,26,2
557,-42000,-4195,-30,13,-73,2
558,-42500,-4249,-23,14,-121,2
559,-43000,-4299,-24,16,-109,2
560,-43500,-4366,-26,9,-316,2
561,-44000,-4398,-38,20,-79,2
562,-44500,-4451,-31,11,-109,2
563,-45000,-4490,-28,17,-71,2
564,-45500,-4560,-46,14,-275,2
565,-46000,-4589,-39,10,-121,2
566,-46500,-4642,-39,14,-31,2
567,-47000,-4699,-36,22,-100,2
568,-47500,-4739,-44,14,-1,2
569,-48000,-4801,-24,12,-199,2
570,-48500,-4861,-26,14,-234,2
571,-49000,-4899,-19,18,-235,2
572,-49500,-4948,-8,22,-90,2
573,-50000,-4990,-25,17,-4,2
574,-50500,-5042,-25,19,-14,2
575,-51000,-5094,-21,20,-171,2
576,-51500,-5153,-25,15,-228,2
577,-52000,-5197,-19,16,-185,2
578,-52500,-5261,-13,18,-202,2
579,-53000,-5305,-36,10,-155,2
580,-53500,-5367,-41,15,-274,2
581,-54000,-5386,-43,11,27,2
582,-54500,-5444,-25,20,-118,2
583,-55000,-5495,-18,14,-38,2
584,-55500,-5548,-27,11,-158,2
585,-56000,-5595,-38,12,-151,2
586,-56500,-5637,-38,14,8,2
587,-57000,-5698,-32,8,-188,2
588,-57500,-5739,-41,10,-94,2
589,-58000,-5784,-32,10,-91,2
590,-58500,-5851,-51,15,-179,2
591,-59000,-5907,-48,18,-206,2
592,-59500,-5938,-39,13,-67,2
593,-1000,-117,-6,39,122,2
594,-1500,-157,41,35,168,2
595,-2000,-195,-11,27,96,2
596,-2500,-243,-8,41,-66,2
597,-3000,-299,-41,37,-110,2
598,-3500,-351,-27,30,-134,2
599,-4000,-398,-28,32,-106,2
600,-4500,-447,-46,23,-99,2
601,-5000,-498,-45,31,-111,2
602,-5500,-549,-34,32,-132,2
603,-6000,-598,-40,22,-128,2
604,-6500,-654,-61,30,-128,2
605,-7000,-720,-39,27,-156,2
606,-7500,-752,-50,34,-97,2
607,-8000,-805,-46,30,-138,2
608,-8500,-849,-39,29,-126,2
609,-9000,-898,-48,30,-123,2
610,-9500,-948,-38,26,-126,2
611,-10000,-1002,-40,23,-123,2
612,-10500,-1048,-48,27,-116,2
613,-11000,-1099,-40,23,-130,2
614,-11500,-1146,-51,25,-115,2
615,-12000,-1200,-42,28,-132,2
616,-12500,-1249,-37,25,-142,2
617,-13000,-1299,-40,26,-141,2
618,-13500,-1350,-31,25,-142,2
619,-14000,-1398,-25,30,-134,2
620,-14500,-1449,-19,27,-123,2
621,-15000,-1499,-29,27,-131,2
622,-15500,-1549,-33,27,-132,2
623,-16000,-1599,-46,30,-134,2
624,-16500,-1650,-24,26,-141,2
625,-17000,-1699,-28,29,-138,2
626,-17500,-1748,-33,29,-123,2
627,-18000,-1799,-33,26,-134,2
628,-18500,-1851,-47,26,-146,2
629,-19000,-1899,-38,29,-136,2
630,-19500,-1952,-35,29,-154,2
631,-20000,-2003,-30,21,-164,2
632,-20500,-2051,-33,28,-154,2
633,-21000,-2096,-37,24,-120,2
634,-21500,-2148,-47,21,-141,2
635,-22000,-2197,-56,20,-124,2
636,-22500,-2249,-43,19,-136,2
637,-23000,-2299,-51,26,-155,2
638,-23500,-2347,-37,21,-129,2
639,-24000,-2400,-38,18,-127,2
640,-24500,-2447,-26,20,-123,2
641,-25000,-2497,-11,31,-118,2
642,-25500,-2550,-7,21,-158,2
643,-26000,-2603,-11,26,-186,2
644,-26500,-2653,-8,29,-177,2
645,-27000,-2698,-9,24,-132,2
646,-27500,-2750,-23,24,-162,2
647,-28000,-2800,-29,24,-161,2
648,-28500,-2846,-24,26,-118,2
649,-29000,-2901,-35,24,-187,2
650,-29500,-2948,-30,20,-180,2
651,-30000,-3000,-30,21,-155,2
652,-30500,-3047,-26,23,-137,2
653,-31000,-3098,-25,18,-150,2
654,-31500,-3149,-15,20,-153,2
655,-32000,-3197,-14,20,-155,2
656,-32500,-3249,-35,24,-184,2
657,-33000,-3296,-32,20,-124,2
658,-33500,-3348,-43,21,-175,2
659,-34000,-3402,-40,21,-196,2
660,-34500,-3444,-42,20,-122,2
661,-35000,-3503,-42,14,-183,2
662,-35500,-3558,-34,16,-221,2
663,-36000,-3594,-24,21,-130,2
664,-36500,-3654,-9,17,-215,2
665,-37000,-3695,-17,19,-120,2
666,-37500,-3755,-10,25,-202,2
667,-38000,-3793,-13,29,-152,2
668,-38500,-3842,-18,22,-120,2
669,-39000,-3895,-30,29,-121,2
670,-39500,-3951,-19,23,-170,2
671,-40000,-3997,-30,19,-127,2
672,-40500,-4061,-28,22,-261,2
673,-41000,-4102,-23,18,-196,2
674,-41500,-4160,-22,24,-284,2
675,-42000,-4196,-21,16,-126,2
676,-42500,-4245,-21,19,-146,2
677,-43000,-4287,-17,26,-85,2
678,-43500,-4340,-21,24,-42,2
679,-44000,-4393,-28,27,-84,2
680,-44500,-4446,-28,22,-102,2
681,-45000,-4496,-29,18,-200,2
682,-45500,-4562,-32,25,-297,2
683,-46000,-4598,-47,19,-233,2
684,-46500,-4640,-31,15,-67,2
685,-47000,-4695,-39,14,-175,2
686,-47500,-4742,-25,19,-54,2
687,-48000,-4797,-11,19,-220,2
688,-48500,-4870,-17,28,-363,2
689,-49000,-4898,-23,23,-228,2
690,-49500,-4938,-18,22,-54,2
691,-50000,-4987,-31,23,-53,2
692,-50500,-5048,-21,16,-122,2
693,-51000,-5089,-29,14,-125,2
694,-51500,-5143,-38,25,-176,2
695,-52000,-5194,-44,20,-174,2
696,-52500,-5265,-38,12,-308,2
697,-53000,-5315,-24,21,-306,2
698,-53500,-5344,-15,20,-197,2
699,-54000,-5401,-34,34,-212,2
700,-54500,-5441,-29,20,-77,2
701,-55000,-5508,-29,14,-220,2
702,-55500,-5543,-42,25,-152,2
703,-56000,-5597,-24,19,-211,2
704,-56500,-5643,-32,23,-124,2
705,-57000,-5694,-56,22,-197,2
706,-57500,-5747,-45,20,-203,2
707,-58000,-5789,-36,19,-80,2
708,-58500,-5860,-27,16,-364,2
709,-59000,-5910,-34,27,-312,2
710,-59500,-5942,-30,26,-135,2
711,-1000,-108,-24,54,105,3
712,-1500,-152,-26,42,176,3
713,-2000,-200,-19,41,-170,3
714,-2500,-247,-20,37,138,3
715,-3000,-298,-28,43,-145,3
716,-3500,-349,-41,35,-136,3
717,-4000,-399,-52,36,-160,3
718,-4500,-447,-40,39,-148,3
719,-5000,-496,-36,37,-133,3
720,-5500,-548,-42,29,-158,3
721,-6000,-597,-52,36,-141,3
722,-6500,-653,-40,34,-211,3
723,-7000,-700,-27,25,-172,3
724,-7500,-771,-28,30,-505,3
725,-8000,-823,-43,29,-359,3
726,-8500,-849,-57,32,-155,3
727,-9000,-896,-49,33,-140,3
728,-9500,-949,-45,33,-152,3
729,-10000,-999,-42,40,-165,3
730,-10500,-1048,-36,32,-165,3
731,-11000,-1099,-32,30,-168,3
732,-11500,-1151,-35,44,-169,3
733,-12000,-1199,-30,38,-171,3
734,-12500,-1249,-37,33,-168,3
735,-13000,-1300,-38,35,-169,3
736,-13500,-1350,-34,32,-166,3
737,-14000,-1402,-41,34,-174,3
738,-14500,-1450,-33,33,-172,3
739,-15000,-1503,-46,29,-185,3
740,-15500,-1549,-49,32,-171,3
741,-16000,-1599,-40,31,-184,3
742,-16500,-1652,-31,34,-174,3
743,-17000,-1702,-31,27,-182,3
744,-17500,-1751,-34,30,-191,3
745,-18000,-1801,-28,24,-179,3
746,-18500,-1851,-29,28,-183,3
747,-19000,-1901,-47,25,-185,3
748,-19500,-1948,-44,29,-179,3
749,-20000,-1996,-45,28,-186,3
750,-20500,-2050,-32,28,-190,3
751,-21000,-2100,-34,33,-191,3
752,-21500,-2149,-15,30,-188,3
753,-22000,-2198,-8,32,-193,3
754,-22500,-2250,-3,35,-204,3
755,-23000,-2301,-7,39,-203,3
756,-23500,-2351,-13,36,-201,3
757,-24000,-2396,-21,31,-173,3
758,-24500,-2450,-30,29,-183,3
759,-25000,-2497,-37,29,-171,3
760,-25500,-2552,-33,25,-212,3
761,-26000,-2603,-32,27,-223,3
762,-26500,-2656,-42,31,-230,3
763,-27000,-2700,-30,32,-213,3
764,-27500,-2751,-14,29,-198,3
765,-28000,-2798,-8,24,-189,3
766,-28500,-2848,-12,31,-168,3
767,-29000,-2896,-24,26,-186,3
768,-29500,-2948,-21,24,-184,3
769,-30000,-3002,-41,28,-217,3
770,-30500,-3046,-35,26,-171,3
771,-31000,-3096,-38,26,-173,3
772,-31500,-3155,-44,21,-229,3
773,-32000,-3194,-27,19,-176,3
774,-32500,-3245,-19,27,-179,3
775,-33000,-3303,-12,29,-235,3
776,-33500,-3344,-4,28,-167,3
777,-34000,-3393,-6,29,-158,3
778,-34500,-3454,-11,35,-216,3
779,-35000,-3494,-21,30,-174,3
780,-35500,-3540,-16,30,-142,3
781,-36000,-3598,-35,30,-224,3
782,-36500,-3648,-27,26,-194,3
783,-37000,-3699,-25,24,-194,3
784,-37500,-3749,-18,30,-238,3
785,-38000,-3803,-29,23,-233,3
786,-38500,-3853,-12,21,-236,3
787,-39000,-3912,-15,19,-290,3
788,-39500,-3944,-17,25,-172,3
789,-40000,-3999,-15,29,-218,3
790,-40500,-4046,-24,28,-197,3
791,-41000,-4110,-22,25,-336,3
792,-41500,-4164,-34,31,-310,3
793,-42000,-4199,-37,18,-181,3
794,-42500,-4246,-19,17,-246,3
795,-43000,-4291,-27,24,-214,3
796,-43500,-4343,-22,34,-175,3
797,-44000,-4397,-14,29,-163,3
798,-44500,-4441,-9,28,-144,3
799,-45000,-4507,-18,25,-278,3
800,-45500,-4562,-28,26,-345,3
801,-46000,-4616,-19,32,-360,3
802,-46500,-4647,-30,30,-196,3
803,-47000,-4683,-34,26,-108,3
804,-47500,-4751,-29,22,-253,3
805,-48000,-4821,-32,22,-392,3
806,-48500,-4849,-33,25,-197,3
807,-49000,-4916,-23,21,-398,3
808,-49500,-4945,-19,24,-185,3
809,-50000,-4996,-29,22,-191,3
810,-50500,-5046,-24,26,-209,3
811,-51000,-5108,-33,27,-310,3
812,-51500,-5164,-23,20,-352,3
813,-52000,-5201,-34,26,-315,3
814,-52500,-5239,-43,22,-95,3
815,-53000,-5292,-34,30,-137,3
816,-53500,-5351,-24,25,-231,3
817,-54000,-5397,-20,29,-222,3
818,-54500,-5444,-33,27,-243,3
819,-55000,-5494,-23,31,-245,3
820,-55500,-5554,-25,33,-327,3
821,-56000,-5600,-43,32,-285,3
822,-56500,-5642,-17,24,-187,3
823,-57000,-5714,-26,30,-415,3
824,-57500,-5764,-42,26,-398,3
825,-58000,-5790,-49,25,-137,3
826,-58500,-5855,-50,24,-251,3
827,-59000,-5897,-44,19,-207,3
828,-59500,-5955,-35,29,-277,3
829,-1000,-117,0,57,200,3
830,-1500,-142,-18,38,-129,3
831,-2000,-198,-32,49,-185,3
832,-2500,-250,17,46,195,3
833,-3000,-307,-30,49,296,3
834,-3500,-352,-41,40,-219,3
835,-4000,-400,-31,38,-186,3
836,-4500,-450,-40,45,-161,3
837,-5000,-498,-34,49,-190,3
838,-5500,-546,-13,35,-178,3
839,-6000,-599,-40,36,-226,3
840,-6500,-650,-32,55,-201,3
841,-7000,-700,-35,53,-101,3
842,-7500,-745,-50,42,-146,3
843,-8000,-803,-21,49,-296,3
844,-8500,-852,-31,43,-226,3
845,-9000,-899,-54,44,-184,3
846,-9500,-950,-59,47,-220,3
847,-10000,-1001,-37,48,-210,3
848,-10500,-1050,-44,40,-208,3
849,-11000,-1098,-42,42,-190,3
850,-11500,-1150,-27,46,-212,3
851,-12000,-1199,-37,40,-221,3
852,-12500,-1249,-41,40,-214,3
853,-13000,-1301,-18,32,-221,3
854,-13500,-1350,-38,30,-218,3
855,-14000,-1400,-48,38,-221,3
856,-14500,-1449,-57,42,-215,3
857,-15000,-1499,-28,37,-208,3
858,-15500,-1551,-33,42,-226,3
859,-16000,-1597,-16,48,-191,3
860,-16500,-1650,-4,39,-226,3
861,-17000,-1699,-7,44,-215,3
862,-17500,-1749,-15,37,-215,3
863,-18000,-1799,-21,43,-215,3
864,-18500,-1849,-28,42,-219,3
865,-19000,-1896,-26,34,-222,3
866,-19500,-1949,-33,36,-241,3
867,-20000,-2001,-35,34,-232,3
868,-20500,-2047,-45,38,-229,3
869,-21000,-2103,-37,35,-215,3
870,-21500,-2148,-19,38,-218,3
871,-22000,-2202,-17,44,-242,3
872,-22500,-2248,-13,34,-231,3
873,-23000,-2302,-19,33,-246,3
874,-23500,-2348,-21,36,-228,3
875,-24000,-2400,-27,36,-249,3
876,-24500,-2452,-39,34,-240,3
877,-25000,-2500,-41,36,-249,3
878,-25500,-2548,-28,28,-235,3
879,-26000,-2596,-32,32,-217,3
880,-26500,-2645,-14,37,-215,3
881,-27000,-2702,-10,34,-239,3
882,-27500,-2746,-3,38,-222,3
883,-28000,-2799,-6,44,-236,3
884,-28500,-2852,-9,37,-255,3
885,-29000,-2902,-29,38,-253,3
886,-29500,-2951,-20,34,-243,3
887,-30000,-2994,-31,34,-216,3
888,-30500,-3055,-37,27,-271,3
889,-31000,-3106,-25,31,-279,3
890,-31500,-3143,-24,35,-213,3
891,-32000,-3203,-8,22,-269,3
892,-32500,-3258,-8,26,-286,3
893,-33000,-3295,-7,31,-231,3
894,-33500,-3361,-10,36,-305,3
895,-34000,-3405,-13,30,-286,3
896,-34500,-3443,-23,25,-200,3
897,-35000,-3505,-40,30,-308,3
898,-35500,-3558,-32,25,-308,3
899,-36000,-3591,-39,26,-215,3
900,-36500,-3657,-20,31,-292,3
901,-37000,-3711,-15,33,-307,3
902,-37500,-3751,-8,32,-266,3
903,-38000,-3804,-3,40,-275,3
904,-38500,-3849,-8,35,-254,3
905,-39000,-3895,-11,38,-191,3
906,-39500,-3943,-22,28,-205,3
907,-40000,-3997,-23,35,-247,3
908,-40500,-4055,-33,22,-342,3
909,-41000,-4096,-21,28,-224,3
910,-41500,-4139,-31,21,-157,3
911,-42000,-4202,-25,21,-253,3
912,-42500,-4256,-16,23,-338,3
913,-43000,-4317,-21,36,-364,3
914,-43500,-4349,-12,29,-257,3
915,-44000,-4390,-13,24,-241,3
916,-44500,-4447,-27,21,-234,3
917,-45000,-4509,-22,35,-380,3
918,-45500,-4541,-34,28,-208,3
919,-46000,-4597,-30,28,-234,3
920,-46500,-4638,-31,18,-157,3
921,-47000,-4707,-23,27,-360,3
922,-47500,-4737,-10,36,-165,3
923,-48000,-4797,-19,32,-237,3
924,-48500,-4838,-11,34,-163,3
925,-49000,-4899,-16,32,-264,3
926,-49500,-4943,-15,29,-254,3
927,-50000,-5006,-14,20,-340,3
928,-50500,-5041,-25,36,-168,3
929,-51000,-5120,-44,29,-434,3
930,-51500,-5151,-34,19,-317,3
931,-52000,-5216,-44,29,-411,3
932,-52500,-5240,-30,17,-177,3
933,-53000,-5296,-26,22,-246,3
934,-53500,-5349,-39,31,-293,3
935,-54000,-5394,-25,23,-234,3
936,-54500,-5446,-41,22,-264,3
937,-55000,-5491,-30,28,-187,3
938,-55500,-5551,-36,17,-337,3
939,-56000,-5612,-48,34,-433,3
940,-56500,-5646,-38,29,-266,3
941,-57000,-5717,-19,27,-471,3
942,-57500,-5763,-43,34,-418,3
943,-58000,-5795,-36,28,-263,3
944,-58500,-5859,-26,36,-377,3
945,-59000,-5903,-35,31,-315,3
946,-59500,-5948,-34,35,-284,3
947,-1000,-107,-36,34,45,2
948,-1500,-152,-33,28,76,2
949,-2000,-203,-23,31,100,2
950,-2500,-247,-25,26,-54,2
951,-3000,-296,-35,29,-85,2
952,-3500,-350,-36,23,-73,2
953,-4000,-402,-29,18,-68,2
954,-4500,-454,-39,21,-79,2
955,-5000,-497,-29,16,-61,2
956,-5500,-547,-37,17,-61,2
