-30 , -21.6476 , -38.534 , -13.1875
-30 , -21.2303 , -74.8466 , -12.7457
-30 , -28.6671 , -85.264 , -3.56638
-30 , -29.0843 , -88.8516 , -1.25927
-30 , -27.5626 , -94.3616 , -1.87286
-30 , -27.9799 , -94.2389 , 0.0415497
-30 , -27.2927 , -98.5669 , -1.48016
-30 , -28.4953 , -104.464 , -2.04467
-30 , -28.2989 , -106.756 , -0.768394
-30 , -28.6671 , -111.826 , -1.7256
-30 , -29.0598 , -120.699 , -3.00187
-30 , -29.7961 , -127.05 , -2.1183
-30 , -28.0044 , -129.354 , -0.768394
-30 , -29.2807 , -131.741 , -0.792938
-30 , -29.8207 , -132.988 , -0.424782
-30 , -28.888 , -135.44 , -0.817482
-30 , -30.3115 , -139.167 , -0.915657
-30 , -27.8572 , -141.361 , -0.768394
-30 , -29.2316 , -145.174 , -1.25927
-30 , -29.1089 , -146.827 , -0.572044
-30 , -29.8207 , -146.408 , 0.139725
-30 , -29.477 , -146.491 , -0.0320816
-30 , -27.6117 , -153.783 , -2.511
-30 , -29.2807 , -155.242 , -0.498413
-30 , -29.8207 , -155.122 , 0.0415497
-30 , -28.6426 , -154.929 , 0.0660934
-30 , -28.1271 , -154.736 , 0.0660934
-30 , -27.3908 , -160.873 , -2.06921
-30 , -28.9616 , -162.219 , -0.449326
-30 , -30.6306 , -164.887 , -0.915657
-30 , -28.6426 , -164.762 , 0.0415497
-30 , -29.1089 , -164.125 , 0.213356
-30 , -29.5016 , -164.225 , -0.0320816
-30 , -30.6797 , -166.909 , -0.891113
-30 , -28.6671 , -171.077 , -1.40653
-30 , -29.7225 , -174.137 , -1.01383
-30 , -27.759 , -174.465 , -0.105713
-30 , -30.1888 , -178.446 , -1.3329
-30 , -29.8207 , -180.63 , -0.768394
-30 , -30.557 , -178.437 , 0.728775
-30 , -28.4217 , -183.752 , -1.77469
-30 , -30.3115 , -185.105 , -0.449326
-30 , -30.4833 , -185.425 , -0.105713
-30 , -31.0969 , -184.999 , 0.139725
-30 , -28.8389 , -188.767 , -1.28381
-30 , -29.2561 , -189.165 , -0.130257
-30 , -29.0353 , -192.823 , -1.25927
-30 , -30.1643 , -192.334 , 0.164268
-30 , -28.9371 , -189.115 , 1.07239
-30 , -28.3235 , -192.449 , -1.13655
-30 , -29.0107 , -191.294 , 0.385162
-30 , -28.7407 , -191.61 , -0.105713
-30 , -29.8697 , -192.81 , -0.400238
-30 , -29.1334 , -192.181 , 0.213356
-30 , -30.5324 , -193.737 , -0.522957
-30 , -29.9434 , -194.863 , -0.375694
-30 , -29.158 , -196.192 , -0.449326
-30 , -29.1089 , -194.954 , 0.409706
-30 , -29.4034 , -194.977 , -0.00753784
-30 , -29.1825 , -200.271 , -1.7256
-30 , -28.8634 , -206.2 , -2.04467
-30 , -30.9497 , -207.832 , -0.547501
-30 , -30.6061 , -211.101 , -1.16109
-30 , -31.5878 , -211.403 , -0.105713
-30 , -28.9862 , -214.455 , -0.989288
-30 , -31.0969 , -213.06 , 0.458794
-30 , -28.9371 , -215.547 , -0.891113
-30 , -29.5998 , -212.887 , 0.900581
-30 , -30.2624 , -211.429 , 0.507881
-30 , -28.4953 , -211.748 , -0.105713
-30 , -29.1089 , -208.692 , 1.0233
-30 , -28.4217 , -212.33 , -1.25927
-30 , -29.5507 , -211.031 , 0.43425
-30 , -30.9497 , -214.289 , -1.08746
-30 , -30.2379 , -216.697 , -0.817482
-30 , -30.2134 , -214.976 , 0.581512
-30 , -29.8697 , -215.076 , -0.0320816
-30 , -30.6061 , -213.2 , 0.6306
-30 , -28.7898 , -214.811 , -0.547501
-30 , -29.3052 , -218.709 , -1.40653
-30 , -30.287 , -218.658 , 0.0170059
-30 , -31.0724 , -218.24 , 0.139725
-30 , -29.6243 , -215.637 , 0.851494
-30 , -30.4588 , -218.889 , -1.06292
-30 , -29.7225 , -221.051 , -0.743851
-30 , -29.7716 , -218.036 , 1.0233
-30 , -30.5079 , -215.155 , 0.974213
-30 , -29.3298 , -219.33 , -1.38199
-30 , -28.9616 , -219.72 , -0.130257
-30 , -30.3852 , -218.655 , 0.360619
-30 , -30.3361 , -219.56 , -0.302063
-30 , -29.6243 , -221.433 , -0.645676
-30 , -30.827 , -222.406 , -0.326607
-30 , -29.0107 , -224.1 , -0.572044
-30 , -28.9616 , -219.568 , 1.48963
-30 , -29.0598 , -223.372 , -1.25927
-30 , -29.0353 , -222.95 , 0.139725
-30 , -29.4034 , -224.059 , -0.375694
-30 , -29.5998 , -227.955 , -1.3329
-30 , -30.9497 , -227.761 , 0.0660934
-30 , -29.8207 , -228.003 , -0.0811691
-30 , -30.3115 , -228.245 , -0.0811691
-30 , -30.0415 , -226.229 , 0.679688
-30 , -28.9862 , -222.803 , 1.14602
-30 , -29.428 , -225.345 , -0.86657
-30 , -29.5998 , -223.464 , 0.6306
-30 , -28.7162 , -227.283 , -1.28381
-30 , -31.1215 , -224.044 , 1.09693
-30 , -28.5198 , -221.138 , 0.998756
-30 , -30.287 , -217.712 , 1.17056
-30 , -28.7162 , -221.556 , -1.25927
-30 , -28.7407 , -222.081 , -0.179344
-30 , -29.747 , -227.344 , -1.77469
-30 , -30.6551 , -227.149 , 0.0660934
-30 , -29.0353 , -229.034 , -0.645676
-30 , -30.5079 , -227.013 , 0.679688
-30 , -30.287 , -228.313 , -0.424782
-30 , -30.9006 , -227.753 , 0.188812
-30 , -30.2379 , -226.988 , 0.262444
-30 , -30.9006 , -229.016 , -0.670219
-30 , -28.8634 , -230.193 , -0.375694
-30 , -29.5998 , -232.225 , -0.694763
-30 , -30.2624 , -231.09 , 0.385162
-30 , -29.7716 , -229.276 , 0.606056
-30 , -31.2687 , -227.22 , 0.704231
-30 , -29.2807 , -228.124 , -0.302063
-30 , -31.3178 , -227.201 , 0.311531
-30 , -29.9434 , -223.925 , 1.09693
-30 , -30.5079 , -225.095 , -0.400238
-30 , -30.7042 , -224.819 , 0.0906372
-30 , -30.0415 , -225.952 , -0.375694
-30 , -30.2134 , -223.458 , 0.82695
-30 , -30.7042 , -224.339 , -0.302063
-30 , -29.7225 , -225.501 , -0.400238
-30 , -30.6797 , -226.316 , -0.277519
-30 , -30.3115 , -223.582 , 0.925125
-30 , -30.5324 , -225.071 , -0.498413
-30 , -29.747 , -227.851 , -0.915657
-30 , -28.5198 , -228.506 , -0.228432
-30 , -30.9006 , -226.766 , 0.581512
-30 , -30.9006 , -229.186 , -0.817482
-30 , -29.3052 , -227.609 , 0.507881
-30 , -29.0843 , -233.043 , -1.84832
-30 , -29.1334 , -231.354 , 0.556969
-30 , -29.8207 , -231.027 , 0.0906372
-30 , -30.8024 , -225.284 , 1.95596
-30 , -29.0598 , -224.5 , 0.262444
-30 , -29.6734 , -222.121 , 0.802406
-30 , -29.3789 , -225.403 , -1.11201
-30 , -29.4034 , -225.061 , 0.115181
-30 , -28.9862 , -222.388 , 0.876038
-30 , -30.9742 , -222.921 , -0.179344
-30 , -31.0969 , -219.667 , 1.14602
-30 , -30.6551 , -223.917 , -1.48016
-30 , -31.3915 , -224.08 , -0.0566254
-30 , -29.8697 , -221.88 , 0.728775
-30 , -30.9251 , -222.611 , -0.252975
-30 , -30.6551 , -224.064 , -0.498413
-30 , -30.5324 , -221.903 , 0.728775
-30 , -29.4034 , -219.118 , 0.974213
-30 , -30.3852 , -218.259 , 0.286987
-30 , -31.2687 , -221.877 , -1.23473
-30 , -29.8697 , -219.665 , 0.728775
-30 , -29.3052 , -214.706 , 1.73507
-30 , -29.4034 , -215.416 , -0.252975
-30 , -29.0107 , -216.266 , -0.302063
-30 , -30.3852 , -214.568 , 0.581512
-30 , -30.2134 , -213.599 , 0.336075
-30 , -30.4588 , -210.854 , 0.949669
-30 , -29.747 , -211.665 , -0.277519
-30 , -29.5507 , -214.564 , -1.01383
-30 , -30.876 , -215.351 , -0.277519
-30 , -29.6734 , -212.299 , 0.998756
-30 , -30.1643 , -212.682 , -0.130257
-30 , -29.6243 , -210.581 , 0.655144
-30 , -29.7961 , -211.737 , -0.400238
-30 , -29.6488 , -212.761 , -0.351151
-30 , -31.5387 , -206.154 , 2.22594
-30 , -30.3115 , -206.51 , -0.130257
-30 , -29.6243 , -205.398 , 0.385162
-30 , -30.1888 , -206.076 , -0.228432
-30 , -29.0353 , -208.496 , -0.86657
-30 , -29.6979 , -211.777 , -1.18564
-30 , -29.428 , -212.214 , -0.1548
-30 , -29.9679 , -214.422 , -0.817482
-30 , -30.1888 , -218.901 , -1.55379
-30 , -29.6243 , -218.784 , 0.0415497
-30 , -28.9371 , -217.806 , 0.336075
-30 , -28.9616 , -219.81 , -0.743851
-30 , -30.3606 , -221.169 , -0.449326
-30 , -30.1643 , -221.397 , -0.0811691
-30 , -31.5142 , -220.761 , 0.213356
-30 , -28.9125 , -220.783 , -0.00753784
-30 , -31.5633 , -223.322 , -0.86657
-30 , -30.1152 , -219.737 , 1.21965
-30 , -29.6734 , -215.921 , 1.31783
-30 , -29.0353 , -216.59 , -0.228432
-30 , -29.5261 , -214.699 , 0.6306
-30 , -29.477 , -214.723 , -0.00753784
-30 , -31.0478 , -212.689 , 0.704231
-30 , -31.0233 , -208.721 , 1.36691
-30 , -30.4588 , -210.822 , -0.694763
-30 , -31.0969 , -211.401 , -0.203888
-30 , -30.6797 , -209.21 , 0.753319
-30 , -30.287 , -212.507 , -1.11201
-30 , -29.5507 , -213.085 , -0.203888
-30 , -31.0969 , -211.809 , 0.43425
-30 , -29.0353 , -212.55 , -0.252975
-30 , -31.4896 , -209.955 , 0.900581
-30 , -30.1643 , -207.952 , 0.679688
-30 , -30.9006 , -206.55 , 0.483337
-30 , -32.9623 , -206.572 , -0.00753784
-30 , -30.9006 , -208.412 , -0.645676
-30 , -30.4588 , -204.398 , 1.34237
-30 , -29.6734 , -206.462 , -0.743851
-30 , -29.0843 , -203.759 , 0.974213
-30 , -30.4342 , -205.655 , -0.670219
-30 , -29.9188 , -203.253 , 0.802406
-30 , -29.5998 , -202.034 , 0.409706
-30 , -30.9497 , -204.535 , -0.891113
-30 , -30.4833 , -204.921 , -0.130257
-30 , -29.3298 , -207.724 , -0.989288
-30 , -30.2379 , -206.018 , 0.581512
-30 , -29.158 , -202.427 , 1.21965
-30 , -28.7407 , -206.801 , -1.48016
-30 , -30.1643 , -209.466 , -0.915657
-30 , -30.1643 , -210.349 , -0.302063
-30 , -29.6243 , -208.451 , 0.655144
-30 , -29.6243 , -204.634 , 1.24419
-30 , -28.6671 , -203.963 , 0.2379
-30 , -30.017 , -205.185 , -0.400238
-30 , -30.3115 , -208.395 , -1.16109
-30 , -29.6488 , -207.141 , 0.43425
-30 , -29.9925 , -207.516 , -0.130257
-30 , -29.158 , -209.047 , -0.522957
-30 , -30.0415 , -211.13 , -0.719307
-30 , -29.4525 , -212.347 , -0.400238
-30 , -31.0969 , -211.035 , 0.43425
-30 , -29.8452 , -210.275 , 0.262444
-30 , -30.9497 , -209.513 , 0.262444
-30 , -29.477 , -211.12 , -0.547501
-30 , -30.4588 , -206.682 , 1.51418
-30 , -29.2561 , -207.203 , -0.179344
-30 , -29.2807 , -210.29 , -1.06292
-30 , -29.6488 , -210.74 , -0.1548
-30 , -31.3669 , -209.679 , 0.360619
-30 , -30.6306 , -205.73 , 1.34237
-30 , -29.6979 , -206.897 , -0.400238
-30 , -30.876 , -203.036 , 1.34237
-30 , -30.3361 , -207.887 , -1.70106
-30 , -31.4896 , -208.198 , -0.105713
-30 , -29.2807 , -207.637 , 0.188812
-30 , -29.7716 , -208.099 , -0.1548
-30 , -29.5261 , -207.4 , 0.2379
-30 , -28.7407 , -206.703 , 0.2379
-30 , -31.146 , -205.361 , 0.458794
-30 , -30.5079 , -206.929 , -0.522957
-30 , -29.2316 , -207.673 , -0.252975
-30 , -29.5507 , -206.718 , 0.311531
-30 , -28.3726 , -203.557 , 1.07239
-30 , -29.6734 , -200.877 , 0.925125
-30 , -29.1825 , -202.121 , -0.424782
-30 , -30.6551 , -205.638 , -1.23473
-30 , -29.9679 , -203.164 , 0.876038
-30 , -29.1334 , -203.472 , -0.105713
-30 , -29.0107 , -207.27 , -1.30836
-30 , -29.477 , -206.928 , 0.115181
-30 , -30.3606 , -208.976 , -0.694763
-30 , -29.3789 , -205.412 , 1.24419
-30 , -30.9988 , -203.723 , 0.581512
-30 , -30.017 , -205.305 , -0.547501
-30 , -29.2807 , -208.616 , -1.16109
-30 , -29.0107 , -212.715 , -1.45562
-30 , -29.1825 , -208.341 , 1.48963
-30 , -29.1089 , -210.091 , -0.596588
-30 , -31.0478 , -209.828 , 0.0906372
-30 , -29.9679 , -209.424 , 0.139725
-30 , -29.6243 , -207.795 , 0.556969
-30 , -31.3424 , -208.721 , -0.326607
-30 , -30.1152 , -209.86 , -0.400238
-30 , -29.1334 , -206.59 , 1.04784
-30 , -28.618 , -212.987 , -2.14284
-30 , -31.3424 , -209.696 , 1.12148
-30 , -28.6671 , -209.937 , -0.0811691
-30 , -30.9497 , -212.86 , -1.03838
-30 , -31.2442 , -214.38 , -0.522957
-30 , -30.1643 , -216.033 , -0.572044
-30 , -30.2134 , -215.912 , 0.0415497
-30 , -30.9497 , -213.462 , 0.851494
-30 , -28.7407 , -215.61 , -0.719307
-30 , -28.7407 , -217.045 , -0.498413
-30 , -29.9434 , -215.932 , 0.385162
-30 , -30.2379 , -213.693 , 0.802406
-30 , -28.5689 , -213.135 , 0.188812
-30 , -31.1215 , -216.21 , -1.03838
-30 , -29.2561 , -217.18 , -0.326607
-30 , -29.6734 , -219.44 , -0.768394
-30 , -29.8207 , -216.184 , 1.09693
-30 , -29.3298 , -213.469 , 0.925125
-30 , -30.3606 , -216.628 , -1.11201
-30 , -29.0843 , -218.878 , -0.817482
-30 , -31.4896 , -218.684 , 0.0660934
-30 , -29.4525 , -218.925 , -0.0811691
-30 , -28.5444 , -216.48 , 0.82695
-30 , -28.4953 , -217.932 , -0.498413
-30 , -29.1334 , -221.985 , -1.40653
-30 , -28.9862 , -219.985 , 0.679688
-30 , -29.158 , -221.119 , -0.375694
-30 , -29.5507 , -224.126 , -1.01383
-30 , -29.6979 , -226.245 , -0.719307
-30 , -29.8452 , -227.846 , -0.547501
-30 , -30.9251 , -227.202 , 0.213356
-30 , -29.5752 , -230.344 , -1.08746
-30 , -28.9862 , -229.218 , 0.360619
-30 , -29.9925 , -230.953 , -0.596588
-30 , -29.1089 , -233.698 , -0.940201
-30 , -30.9006 , -234.622 , -0.326607
-30 , -30.9988 , -237.129 , -0.86657
-30 , -29.0107 , -237.008 , 0.0415497
-30 , -30.6306 , -233.081 , 1.31783
-30 , -29.9679 , -233.608 , -0.179344
-30 , -29.428 , -229.651 , 1.31783
-30 , -29.428 , -234.569 , -1.67651
-30 , -30.0415 , -234.883 , -0.105713
-30 , -31.4405 , -234.542 , 0.115181
-30 , -29.3298 , -232.342 , 0.753319
-30 , -29.6734 , -229.204 , 1.04784
-30 , -30.4833 , -226.779 , 0.82695
-30 , -29.0353 , -228.446 , -0.572044
-30 , -30.6797 , -229.71 , -0.449326
-30 , -29.6243 , -230.177 , -0.1548
-30 , -28.8389 , -232.848 , -0.915657
-30 , -30.2379 , -234.774 , -0.719307
-30 , -30.7779 , -230.817 , 1.39146
-30 , -30.6306 , -226.489 , 1.34237
-30 , -30.9251 , -225.927 , 0.164268
-30 , -30.3115 , -230.053 , -1.38199
-30 , -29.4034 , -229.343 , 0.2379
-30 , -30.0906 , -229.813 , -0.1548
-30 , -31.2933 , -231.712 , -0.645676
-30 , -30.7042 , -229.476 , 0.753319
-30 , -30.9251 , -228.343 , 0.385162
-30 , -31.146 , -231.056 , -0.915657
-30 , -31.4896 , -228.032 , 0.998756
-30 , -30.287 , -230.035 , -0.670219
-30 , -29.6734 , -230.058 , -0.00753784
-30 , -29.6734 , -228.403 , 0.556969
-30 , -29.8452 , -230.188 , -0.572044
-30 , -31.146 , -229.099 , 0.360619
-30 , -30.9742 , -233.182 , -1.45562
-30 , -29.747 , -236.24 , -1.03838
-30 , -31.0969 , -233.655 , 1.0233
-30 , -30.4833 , -233.88 , -0.0811691
-30 , -30.5324 , -231.026 , 1.04784
-30 , -30.3852 , -231.048 , -0.00753784
-30 , -29.1089 , -231.989 , -0.326607
-30 , -31.0233 , -229.57 , 0.851494
-30 , -29.8452 , -230.87 , -0.326607
-30 , -29.3052 , -234.846 , -1.35744
-30 , -30.5324 , -231.889 , 1.04784
-30 , -29.477 , -229.793 , 0.728775
-30 , -29.5752 , -227.852 , 0.655144
-30 , -29.747 , -228.236 , -0.130257
-30 , -30.4588 , -224.763 , 1.19511
-30 , -30.5079 , -229.546 , -1.60288
-30 , -31.3669 , -231.402 , -0.621132
-30 , -30.9497 , -226.406 , 1.71053
-30 , -28.4953 , -229.348 , -0.989288
-30 , -29.7225 , -229.714 , -0.130257
-30 , -30.7042 , -231.427 , -0.572044
-30 , -29.7225 , -225.787 , 1.95596
-30 , -28.8144 , -224.788 , 0.336075
-30 , -29.6243 , -224.521 , 0.0906372
-30 , -30.0661 , -222.504 , 0.679688
-30 , -31.1215 , -218.385 , 1.416
-30 , -29.5998 , -220.439 , -0.670219
-30 , -31.0969 , -223.897 , -1.21018
-30 , -30.557 , -223.623 , 0.0906372
-30 , -30.1888 , -223.503 , 0.0415497
-30 , -31.2687 , -223.244 , 0.0906372
-30 , -30.6797 , -224.622 , -0.449326
-30 , -29.8943 , -225.631 , -0.351151
-30 , -30.9006 , -227.964 , -0.768394
-30 , -30.827 , -226.85 , 0.385162
-30 , -30.3606 , -226.656 , 0.0660934
-30 , -30.6797 , -223.269 , 1.12148
-30 , -30.9988 , -227.732 , -1.48016
-30 , -30.9742 , -229.505 , -0.596588
-30 , -31.2933 , -225.757 , 1.26874
-30 , -30.8024 , -226.808 , -0.351151
-30 , -30.9742 , -226.499 , 0.115181
-30 , -29.1825 , -225.224 , 0.43425
-30 , -31.2933 , -224.349 , 0.286987
-30 , -30.2134 , -226.867 , -0.817482
-30 , -29.9679 , -227.174 , -0.105713
-30 , -29.6243 , -227.484 , -0.105713
-30 , -30.2624 , -225.682 , 0.581512
-30 , -30.557 , -224.037 , 0.581512
-30 , -31.6614 , -219.253 , 1.61235
-30 , -29.2807 , -220.344 , -0.375694
-30 , -29.8697 , -220.878 , -0.179344
-30 , -28.4708 , -219.637 , 0.409706
-30 , -30.1397 , -218.296 , 0.458794
-30 , -29.6734 , -215.147 , 1.04784
-30 , -29.6734 , -212.028 , 1.04784
-30 , -28.888 , -211.977 , 0.0170059
-30 , -29.4034 , -211.557 , 0.139725
-30 , -30.876 , -207.702 , 1.26874
-30 , -30.6797 , -207.581 , 0.0415497
-30 , -29.8452 , -208.9 , -0.449326
-30 , -30.4588 , -208.708 , 0.0660934
-30 , -30.4833 , -211.485 , -0.964745
-30 , -29.2071 , -208.05 , 1.12148
-30 , -29.1825 , -206.895 , 0.385162
-30 , -29.2561 , -210.007 , -1.03838
-30 , -30.4588 , -211.13 , -0.375694
-30 , -29.5507 , -209.433 , 0.581512
-30 , -30.5079 , -206.017 , 1.14602
-30 , -30.3606 , -207.655 , -0.572044
-30 , -29.9925 , -209.209 , -0.522957
-30 , -30.6797 , -212.351 , -1.08746
-30 , -31.7596 , -212.591 , -0.0811691
-30 , -28.8389 , -214.927 , -0.792938
-30 , -29.1825 , -211.227 , 1.26874
-30 , -30.287 , -212.51 , -0.449326
-30 , -30.4588 , -214.807 , -0.768394
-30 , -31.5142 , -216.734 , -0.670219
-30 , -28.7162 , -213.315 , 1.24419
-30 , -30.287 , -215.92 , -0.86657
-30 , -31.3669 , -215.061 , 0.286987
-30 , -30.827 , -215.376 , -0.105713
-30 , -30.6306 , -212.759 , 0.876038
-30 , -29.6488 , -214.59 , -0.621132
-30 , -29.8207 , -217.671 , -1.03838
-30 , -30.6061 , -215.631 , 0.704231
-30 , -29.6979 , -217.421 , -0.596588
-30 , -30.6551 , -219.447 , -0.694763
-30 , -30.8515 , -219.994 , -0.179344
-30 , -29.9925 , -221.256 , -0.449326
-30 , -30.4833 , -223.816 , -0.86657
-30 , -30.2624 , -218.24 , 1.90688
-30 , -29.6734 , -217.901 , 0.115181
-30 , -30.9497 , -215.977 , 0.655144
-30 , -29.1825 , -212.684 , 1.12148
-30 , -30.1888 , -210.586 , 0.704231
-30 , -30.3115 , -210.461 , 0.0415497
-30 , -30.6551 , -207.725 , 0.925125
-30 , -31.4896 , -206.869 , 0.286987
-30 , -29.4034 , -209.891 , -1.03838
-30 , -30.6551 , -211.888 , -0.670219
-30 , -29.2316 , -209.091 , 0.949669
-30 , -29.2316 , -212.151 , -1.03838
-30 , -29.8452 , -211.953 , 0.0660934
-30 , -31.1215 , -205.533 , 2.15231
-30 , -30.1643 , -202.539 , 1.0233
-30 , -28.9371 , -201.486 , 0.360619
-30 , -29.6243 , -202.735 , -0.424782
-30 , -28.9616 , -203.836 , -0.375694
-30 , -30.287 , -204.444 , -0.203888
-30 , -28.9616 , -206.424 , -0.670219
-30 , -30.017 , -204.99 , 0.483337
-30 , -30.0661 , -200.356 , 1.53872
-30 , -29.3052 , -197.788 , 0.876038
-30 , -29.5998 , -195.357 , 0.82695
-30 , -29.5752 , -198.772 , -1.13655
-30 , -29.0598 , -201.322 , -0.817482
-30 , -30.6306 , -204.04 , -0.915657
-30 , -31.1706 , -201.744 , 0.753319
-30 , -29.1825 , -203.042 , -0.449326
-30 , -28.7898 , -199.707 , 1.09693
-30 , -30.3115 , -198.214 , 0.507881
-30 , -31.0478 , -196.707 , 0.507881
-30 , -30.2134 , -201.564 , -1.62742
-30 , -29.1334 , -198.255 , 1.09693
-30 , -29.2071 , -202.551 , -1.43107
-30 , -30.9497 , -201.582 , 0.336075
-30 , -30.287 , -199.279 , 0.753319
-30 , -29.5507 , -196.678 , 0.900581
-30 , -28.2989 , -196.629 , 0.0170059
-30 , -29.158 , -195.773 , 0.286987
-30 , -28.9125 , -195.399 , 0.115181
-30 , -29.4525 , -197.362 , -0.670219
-30 , -28.7407 , -195.798 , 0.532425
-30 , -28.7653 , -197.447 , -0.572044
-30 , -30.557 , -200.126 , -0.915657
-30 , -30.287 , -201.969 , -0.621132
-30 , -30.0661 , -202.375 , -0.130257
-30 , -31.5387 , -202.849 , -0.1548
-30 , -30.2624 , -206.625 , -1.25927
-30 , -30.4342 , -204.429 , 0.753319
-30 , -28.888 , -204.232 , 0.0660934
-30 , -29.3052 , -207.065 , -0.964745
-30 , -28.9616 , -209.264 , -0.743851
-30 , -30.2624 , -206.576 , 0.900581
-30 , -29.5016 , -207.748 , -0.375694
-30 , -29.8452 , -209.911 , -0.719307
-30 , -29.4525 , -211.641 , -0.572044
-30 , -28.9371 , -216.647 , -1.75014
-30 , -29.5998 , -217.326 , -0.228432
-30 , -31.1706 , -213.399 , 1.34237
-30 , -29.5016 , -212.783 , 0.213356
-30 , -28.348 , -210.916 , 0.6306
-30 , -29.8207 , -214.577 , -1.25927
-30 , -30.0661 , -214.159 , 0.139725
-30 , -29.9679 , -211.56 , 0.82695
-30 , -29.3789 , -215.156 , -1.25927
-30 , -30.5079 , -218.162 , -1.03838
-30 , -28.9862 , -218.254 , -0.0320816
-30 , -30.1643 , -220.036 , -0.596588
-30 , -30.827 , -220.947 , -0.302063
-30 , -29.5261 , -218.997 , 0.6306
-30 , -28.6426 , -217.676 , 0.458794
-30 , -29.747 , -214.525 , 1.04784
-30 , -29.158 , -213.906 , 0.213356
-30 , -29.477 , -217.661 , -1.25927
-30 , -28.7653 , -221.785 , -1.38199
-30 , -29.0843 , -221.103 , 0.2379
-30 , -29.0843 , -222.313 , -0.400238
-30 , -30.2379 , -224.621 , -0.817482
-30 , -29.0598 , -221.637 , 1.0233
-30 , -28.4953 , -222.015 , -0.130257
-30 , -29.5507 , -225.136 , -1.06292
-30 , -29.5016 , -227.351 , -0.768394
-30 , -30.1643 , -224.386 , 0.998756
-30 , -28.8634 , -223.831 , 0.188812
-30 , -29.2561 , -221.351 , 0.82695
-30 , -30.827 , -221.807 , -0.1548
-30 , -29.5998 , -220.533 , 0.43425
-30 , -29.9434 , -221.23 , -0.252975
-30 , -30.6797 , -223.626 , -0.792938
-30 , -30.3361 , -224.753 , -0.375694
-30 , -29.9679 , -225.428 , -0.228432
-30 , -30.017 , -228.343 , -0.989288
-30 , -30.6306 , -225.048 , 1.09693
-30 , -30.3852 , -223.48 , 0.507881
-30 , -30.2624 , -220.802 , 0.900581
-30 , -30.6061 , -221.039 , -0.0811691
-30 , -30.287 , -220.99 , 0.0170059
-30 , -29.1089 , -222.931 , -0.670219
-30 , -30.0661 , -225.961 , -1.03838
-30 , -29.7716 , -227.076 , -0.375694
-30 , -30.6797 , -224.921 , 0.728775
-30 , -29.1089 , -224.226 , 0.2379
-30 , -30.2624 , -226.247 , -0.694763
-30 , -29.5752 , -227.464 , -0.424782
-30 , -30.4097 , -224.685 , 0.949669
-30 , -29.477 , -222.329 , 0.802406
-30 , -30.5079 , -225.184 , -0.964745
-30 , -29.9925 , -228.634 , -1.18564
-30 , -31.0233 , -231.325 , -0.915657
-30 , -30.8024 , -231.133 , 0.0660934
-30 , -30.1643 , -230.723 , 0.139725
-30 , -30.6306 , -232.192 , -0.498413
-30 , -30.5815 , -230.916 , 0.43425
-30 , -29.5507 , -231.523 , -0.203888
-30 , -31.1215 , -232.567 , -0.351151
-30 , -30.557 , -235.099 , -0.842026
-30 , -29.2316 , -230.929 , 1.44054
-30 , -29.477 , -232.189 , -0.424782
-30 , -30.3361 , -231.259 , 0.311531
-30 , -29.3052 , -233.455 , -0.743851
-30 , -29.7225 , -233.041 , 0.139725
-30 , -30.8024 , -235.247 , -0.743851
-30 , -30.6306 , -230.688 , 1.53872
-30 , -28.888 , -231.076 , -0.130257
-30 , -30.3606 , -234.798 , -1.25927
-30 , -29.8452 , -236.879 , -0.719307
-30 , -31.2687 , -234.327 , 0.876038
-30 , -30.8515 , -235.023 , -0.228432
-30 , -30.2134 , -235.188 , -0.0566254
-30 , -29.4034 , -236.945 , -0.596588
-30 , -31.2197 , -239.261 , -0.768394
-30 , -29.9434 , -239.069 , 0.0660934
-30 , -30.3361 , -234.762 , 1.46509
-30 , -28.3726 , -232.353 , 0.82695
-30 , -30.0906 , -229.794 , 0.876038
-30 , -29.2561 , -231.584 , -0.596588
-30 , -29.9925 , -227.495 , 1.39146
-30 , -28.9616 , -229.038 , -0.522957
-30 , -30.1397 , -229.871 , -0.277519
-30 , -29.5998 , -230.263 , -0.130257
-30 , -30.8024 , -227.227 , 1.04784
-30 , -29.1334 , -222.987 , 1.39146
-30 , -29.6734 , -222.054 , 0.311531
-30 , -29.2071 , -224.45 , -0.817482
-30 , -30.5815 , -226.858 , -0.768394
-30 , -29.3789 , -222.553 , 1.48963
-30 , -29.747 , -224.301 , -0.596588
-30 , -29.2561 , -227.582 , -1.11201
-30 , -31.2687 , -228.768 , -0.400238
-30 , -29.5507 , -230.724 , -0.645676
-30 , -29.4525 , -230.15 , 0.188812
-30 , -30.5079 , -232.762 , -0.915657
-30 , -30.2134 , -230.99 , 0.606056
-30 , -29.7225 , -233.162 , -0.743851
-30 , -30.9742 , -232.271 , 0.311531
-30 , -30.0661 , -229.614 , 0.900581
-30 , -29.8697 , -227.292 , 0.777863
-30 , -29.6734 , -228.313 , -0.351151
-30 , -30.6306 , -226.097 , 0.753319
-30 , -30.1152 , -226.558 , -0.1548
-30 , -29.7225 , -224.711 , 0.6306
-30 , -28.9371 , -224.07 , 0.213356
-30 , -28.7653 , -222.912 , 0.385162
-30 , -30.6306 , -223.505 , -0.203888
-30 , -29.477 , -225.279 , -0.596588
-30 , -30.4342 , -222.692 , 0.876038
-30 , -30.4097 , -225.249 , -0.842026
-30 , -33.4777 , -222.421 , 0.949669
-30 , -29.2071 , -222.815 , -0.130257
-30 , -29.8452 , -217.704 , 1.71053
-30 , -29.0598 , -219.001 , -0.449326
-30 , -30.9988 , -219.955 , -0.326607
-30 , -31.4405 , -222.811 , -0.964745
-30 , -31.6614 , -218.97 , 1.31783
-30 , -30.3361 , -220.446 , -0.498413
-30 , -29.2071 , -220.395 , 0.0170059
-30 , -31.0969 , -221.966 , -0.522957
-30 , -30.876 , -223.326 , -0.449326
-30 , -30.4342 , -224.412 , -0.375694
-30 , -31.7351 , -225.01 , -0.203888
-30 , -29.158 , -223.86 , 0.385162
-30 , -29.9434 , -225.863 , -0.694763
-30 , -29.8697 , -222.123 , 1.26874
-30 , -29.7225 , -223.201 , -0.375694
-30 , -30.4097 , -220.1 , 1.04784
-30 , -28.8144 , -223.41 , -1.13655
-30 , -30.7533 , -221.024 , 0.802406
-30 , -28.8634 , -217.921 , 1.07239
-30 , -30.0415 , -215.737 , 0.704231
-30 , -30.7779 , -217.657 , -0.645676
-30 , -30.9497 , -215.258 , 0.851494
-30 , -31.1706 , -213.143 , 0.728775
-30 , -30.5079 , -216.167 , -1.06292
-30 , -31.6124 , -216.424 , -0.0811691
-30 , -28.8389 , -218.674 , -0.743851
-30 , -29.477 , -216.71 , 0.655144
-30 , -29.0843 , -219.168 , -0.817482
-30 , -29.477 , -222.283 , -1.06292
-30 , -30.0661 , -217.927 , 1.48963
-30 , -29.6734 , -218.457 , -0.179344
-30 , -29.9925 , -214.125 , 1.44054
-30 , -29.0107 , -214.885 , -0.252975
-30 , -28.888 , -203.971 , 3.84583
-30 , -28.6671 , -208.395 , -1.57834
-30 , -31.3915 , -212.041 , -1.21018
-30 , -29.4034 , -206.77 , 1.73507
-30 , -29.9188 , -208.203 , -0.473869
-30 , -30.6306 , -211.377 , -1.06292
-30 , -29.6979 , -210.302 , 0.360619
-30 , -29.477 , -209.011 , 0.43425
-30 , -29.4034 , -208.011 , 0.336075
-30 , -30.3115 , -210.295 , -0.768394
-30 , -30.0661 , -208.357 , 0.655144
-30 , -29.7716 , -203.927 , 1.48963
-30 , -30.9988 , -200.862 , 1.04784
-30 , -29.6243 , -201.725 , -0.302063
-30 , -30.3852 , -200.495 , 0.409706
-30 , -28.7407 , -199.926 , 0.188812
-30 , -29.3052 , -197.495 , 0.777863
-30 , -50.1183 , -179.554 , 5.90751
-30 , -49.0875 , -109.093 , 22.8918
-30 , -44.4487 , -74.9701 , 11.6262
-30 , -42.7798 , -31.7225 , 14.3015
-30 , -39.7609 , -6.43015 , 8.85276
-30 , -39.5154 , 30.3492 , 11.7244
-30 , -40.4481 , 59.6495 , 10.6935
-30 , -40.2272 , 84.6702 , 8.19007
-30 , -40.7917 , 112.564 , 9.41726
-30 , -37.8219 , 139.224 , 9.19637
-30 , -37.6256 , 168.108 , 9.83451
-30 , -39.9818 , 190.797 , 7.60102
-30 , -38.5582 , 209.995 , 6.59473
-30 , -37.6256 , 232.844 , 7.74829
-30 , -36.5211 , 247.806 , 5.22028
-30 , -38.8773 , 270.264 , 7.45376
-30 , -37.4047 , 288.235 , 5.95659
-30 , -34.5331 , 306.436 , 6.30021
-30 , -34.4349 , 315.901 , 3.08498
-30 , -35.5884 , 332.236 , 5.58844
-30 , -35.4657 , 352.879 , 7.23287
-30 , -34.7049 , 367.489 , 4.90121
-30 , -34.4349 , 377.07 , 3.13406
-30 , -36.4966 , 392.677 , 5.17119
-30 , -36.3247 , 407.942 , 5.17119
-30 , -34.4349 , 420.489 , 4.18945
-30 , -32.9377 , 426.753 , 2.12777
-30 , -33.7231 , 438.568 , 3.96855
-30 , -32.9377 , 450.73 , 3.91946
-30 , -34.7785 , 467.205 , 5.56389
-30 , -34.1404 , 472.896 , 1.95596
-30 , -33.8213 , 488.868 , 5.26937
-30 , -34.0913 , 496.451 , 2.64319
-30 , -33.1832 , 507.501 , 3.87038
-30 , -31.6369 , 512.884 , 1.83324
-30 , -33.5513 , 522.009 , 3.08498
-30 , -33.1586 , 531.744 , 3.2077
-30 , -32.6677 , 539.944 , 2.86408
-30 , -32.1032 , 543.549 , 1.21965
-30 , -32.275 , 550.267 , 2.22594
-30 , -32.7905 , 559.477 , 3.30587
-30 , -32.7414 , 563.476 , 1.39146
-30 , -29.8452 , 571.891 , 2.88863
-30 , -30.2379 , 573.557 , 0.556969
-30 , -31.8823 , 581.088 , 2.54501
-30 , -31.1706 , 589.11 , 2.71682
-30 , -31.2933 , 588.943 , -0.0566254
-30 , -31.4896 , 586.699 , -0.743851
-30 , -32.3241 , 588.634 , 0.655144
-30 , -31.0233 , 595.45 , 2.37321
-30 , -30.6061 , 601.148 , 1.90688
-30 , -29.5507 , 600.268 , -0.302063
-30 , -31.7105 , 607.653 , 2.49593
-30 , -30.0415 , 606.398 , -0.424782
-30 , -29.7225 , 608.051 , 0.556969
-30 , -32.1278 , 610.156 , 0.704231
-30 , -31.3424 , 609.332 , -0.277519
-30 , -31.4651 , 617.729 , 2.81499
-30 , -31.2687 , 622.201 , 1.48963
-30 , -31.5878 , 627.116 , 1.63689
-30 , -30.8515 , 627.737 , 0.213356
-30 , -31.956 , 627.349 , -0.130257
-30 , -30.3852 , 628.351 , 0.336075
-30 , -31.6124 , 628.474 , 0.0415497
-30 , -29.477 , 631.595 , 1.04784
-30 , -31.7596 , 631.352 , -0.0811691
-30 , -29.9188 , 633.225 , 0.6306
-30 , -29.9434 , 633.059 , -0.0566254
-30 , -29.6979 , 638.249 , 1.78416
-30 , -29.747 , 637.433 , -0.277519
-30 , -30.6061 , 639.314 , 0.6306
-30 , -30.5815 , 636.467 , -0.964745
-30 , -31.4405 , 636.297 , -0.0566254
-30 , -30.5324 , 635.4 , -0.302063
-30 , -29.1825 , 632.755 , -0.891113
-30 , -32.4468 , 633.893 , 0.385162
-30 , -30.5079 , 637.62 , 1.26874
-30 , -31.8578 , 641.688 , 1.36691
-30 , -28.3235 , 643.275 , 0.532425
-30 , -31.5878 , 638.356 , -1.65197
-30 , -31.3424 , 643.603 , 1.75961
-30 , -30.3606 , 642.264 , -0.424782
-30 , -29.0353 , 648.462 , 2.10323
-30 , -29.6488 , 643.359 , -1.7256
-30 , -31.4896 , 649.767 , 2.15231
-30 , -31.1215 , 647.819 , -0.670219
-30 , -30.8515 , 653.592 , 1.88233
-30 , -28.9616 , 651.126 , -0.817482
-30 , -30.4588 , 649.867 , -0.424782
-30 , -31.2442 , 648.746 , -0.375694
-30 , -31.4896 , 647.06 , -0.572044
-30 , -29.4034 , 646.892 , -0.0566254
-30 , -28.7162 , 648.262 , 0.458794
-30 , -31.1215 , 652.037 , 1.26874
-30 , -30.557 , 648.95 , -1.03838
-30 , -29.428 , 653.663 , 1.58781
-30 , -30.827 , 653.926 , 0.0906372
-30 , -29.2561 , 647.754 , -2.06921
-30 , -30.9742 , 653.092 , 1.78416
-30 , -29.2807 , 652.492 , -0.203888
-30 , -29.1825 , 658.232 , 1.93142
-30 , -27.4645 , 655.206 , -1.01383
-30 , -29.477 , 658.728 , 1.17056
-30 , -29.747 , 659.797 , 0.360619
-30 , -28.8144 , 663.876 , 1.36691
-30 , -29.2807 , 661.474 , -0.817482
-30 , -28.2253 , 657.497 , -1.3329
-30 , -31.5633 , 655.513 , -0.670219
-30 , -29.8452 , 654.034 , -0.498413
-30 , -29.747 , 655.844 , 0.606056
-30 , -29.5752 , 654.214 , -0.547501
-30 , -29.2316 , 652.285 , -0.645676
-30 , -29.7961 , 657.194 , 1.63689
-30 , -30.0906 , 660.336 , 1.04784
-30 , -30.0661 , 656.876 , -1.16109
-30 , -29.5998 , 653.988 , -0.964745
-30 , -31.7596 , 654.269 , 0.0660934
-30 , -31.0724 , 657.673 , 1.14602
-30 , -31.0233 , 656.115 , -0.522957
-30 , -30.1888 , 653.178 , -0.989288
-30 , -31.686 , 650.453 , -0.915657
-30 , -29.5261 , 658.831 , 2.81499
-30 , -29.2561 , 658.368 , -0.1548
-30 , -29.0353 , 657.905 , -0.1548
-30 , -28.2989 , 655.318 , -0.86657
-30 , -29.8943 , 657.791 , 0.82695
-30 , -29.6243 , 661.007 , 1.07239
-30 , -30.3606 , 660.985 , -0.00753784
-30 , -30.2379 , 663.301 , 0.777863
-30 , -30.1152 , 660.856 , -0.817482
-30 , -29.3298 , 664.103 , 1.09693
-30 , -31.4896 , 668.468 , 1.48963
-30 , -30.3115 , 666.218 , -0.743851
-30 , -29.3789 , 666.784 , 0.188812
-30 , -29.6488 , 665.661 , -0.375694
-30 , -28.7653 , 665.711 , 0.0170059
-30 , -29.9925 , 670.02 , 1.44054
-30 , -28.9862 , 671.458 , 0.483337
-30 , -27.8326 , 663.671 , -2.58463
-30 , -29.3298 , 670.103 , 1.61235
-30 , -31.0969 , 673.45 , 1.09693
-30 , -30.8024 , 669.987 , -1.16109
-30 , -29.4525 , 671.496 , 0.507881
-30 , -31.8823 , 666.354 , -1.7256
-30 , -29.2316 , 664.792 , -0.522957
-30 , -30.3852 , 669.171 , 1.46509
-30 , -29.6979 , 666.289 , -0.964745
-30 , -29.9188 , 664.055 , -0.743851
-30 , -30.287 , 662.72 , -0.449326
-30 , -31.5142 , 667.805 , 1.71053
-30 , -30.8024 , 663.541 , -1.43107
-30 , -30.017 , 665.568 , 0.679688
-30 , -31.3424 , 657.887 , -2.58463
-30 , -31.3178 , 659.185 , 0.43425
-30 , -30.3852 , 659.819 , 0.213356
-30 , -29.5016 , 659.286 , -0.179344
-30 , -29.8452 , 660.432 , 0.385162
-30 , -30.2624 , 654.675 , -1.97104
-30 , -30.0661 , 658.358 , 1.21965
-30 , -31.7105 , 658.773 , 0.139725
-30 , -29.5507 , 661.592 , 0.949669
-30 , -30.017 , 662.155 , 0.188812
-30 , -30.9988 , 659.875 , -0.768394
-30 , -30.1643 , 666.515 , 2.22594
-30 , -29.7961 , 670.577 , 1.36691
-30 , -28.3726 , 669.536 , -0.375694
-30 , -30.557 , 669.589 , 0.0170059
-30 , -29.5998 , 667.162 , -0.86657
-30 , -29.2561 , 669.872 , 0.949669
-30 , -30.9988 , 667.761 , -0.719307
-30 , -30.017 , 666.054 , -0.572044
-30 , -30.827 , 664.601 , -0.498413
-30 , -30.1152 , 665.378 , 0.262444
-30 , -29.5998 , 669.756 , 1.46509
-30 , -29.5752 , 671.342 , 0.532425
-30 , -30.6797 , 663.021 , -2.80552
-30 , -31.2687 , 660.35 , -0.891113
-30 , -31.1951 , 665.344 , 1.68598
-30 , -29.6734 , 666.642 , 0.43425
-30 , -27.5381 , 663.324 , -1.11201
-30 , -32.1278 , 662.574 , -0.252975
-30 , -29.4525 , 664.995 , 0.802406
-30 , -29.1089 , 672.024 , 2.34866
-30 , -29.1334 , 674.498 , 0.82695
-30 , -28.5935 , 673.882 , -0.203888
-30 , -31.1951 , 670.998 , -0.964745
-30 , -31.2933 , 674.612 , 1.21965
-30 , -28.6916 , 675.395 , 0.262444
-30 , -27.5626 , 672.367 , -1.01383
-30 , -31.416 , 666.535 , -1.97104
-30 , -29.5261 , 672.323 , 1.93142
-30 , -29.2807 , 675.458 , 1.04784
-30 , -29.1089 , 677.342 , 0.6306
-30 , -28.618 , 675.124 , -0.743851
-30 , -31.1951 , 678.845 , 1.24419
-30 , -31.3178 , 676.106 , -0.915657
-30 , -30.6797 , 675.716 , -0.130257
-30 , -31.4896 , 674.15 , -0.522957
-30 , -28.8144 , 672.145 , -0.670219
-30 , -29.8452 , 675.793 , 1.21965
-30 , -29.9434 , 674.524 , -0.424782
-30 , -29.5998 , 677.14 , 0.876038
-30 , -28.0535 , 672.803 , -1.48016
-30 , -29.8943 , 675.558 , 0.925125
-30 , -30.8024 , 675.682 , 0.0415497
-30 , -30.287 , 679.539 , 1.29328
-30 , -29.5507 , 679.517 , -0.00753784
-30 , -28.348 , 673.71 , -1.94649
-30 , -30.557 , 672.15 , -0.522957
-30 , -30.4588 , 673.463 , 0.43425
-30 , -29.5261 , 668.823 , -1.55379
-30 , -28.2989 , 665.598 , -1.08746
-30 , -30.7533 , 665.212 , -0.130257
-30 , -31.3669 , 667.014 , 0.606056
-30 , -29.0598 , 666.626 , -0.130257
-30 , -29.2807 , 669.898 , 1.09693
-30 , -28.5689 , 665.151 , -1.60288
-30 , -30.1397 , 666.634 , 0.483337
-30 , -31.8332 , 666.325 , -0.105713
-30 , -30.6061 , 667.309 , 0.336075
-30 , -28.5935 , 664.144 , -1.06292
-30 , -31.3424 , 659.36 , -1.60288
-30 , -30.7288 , 660.652 , 0.43425
-30 , -32.0787 , 662.542 , 0.6306
-30 , -29.9679 , 663.831 , 0.43425
-30 , -28.1762 , 662.93 , -0.302063
-30 , -29.747 , 661.739 , -0.400238
-30 , -30.6306 , 662.887 , 0.385162
-30 , -29.477 , 663.74 , 0.286987
-30 , -30.0415 , 668.63 , 1.61235
-30 , -29.477 , 668.018 , -0.203888
-30 , -29.3543 , 670.665 , 0.900581
-30 , -30.9742 , 668.517 , -0.719307
-30 , -29.9434 , 669.443 , 0.311531
-30 , -29.0598 , 672.791 , 1.12148
-30 , -30.9006 , 673.925 , 0.385162
-30 , -29.8207 , 672.935 , -0.326607
-30 , -31.6124 , 670.305 , -0.891113
-30 , -30.9988 , 670.866 , 0.188812
-30 , -30.7288 , 667.845 , -1.01383
-30 , -31.416 , 673.219 , 1.78416
-30 , -29.6979 , 676.92 , 1.24419
-30 , -28.4462 , 677.777 , 0.286987
-30 , -28.888 , 678.193 , 0.139725
-30 , -30.0415 , 675.087 , -1.03838
-30 , -29.3789 , 675.868 , 0.262444
-30 , -30.4588 , 678.303 , 0.82695
-30 , -29.9925 , 679.587 , 0.43425
-30 , -28.5444 , 681.183 , 0.532425
-30 , -30.6306 , 677.776 , -1.13655
-30 , -30.6306 , 680.964 , 1.07239
-30 , -30.4588 , 682.906 , 0.655144
-30 , -28.9862 , 679.355 , -1.18564
-30 , -27.7835 , 676.815 , -0.86657
-30 , -29.8452 , 678.979 , 0.728775
-30 , -30.1397 , 680.826 , 0.6306
-30 , -28.9125 , 682.122 , 0.43425
-30 , -28.6671 , 681.366 , -0.252975
-30 , -29.0353 , 680.306 , -0.351151
-30 , -29.9434 , 678.971 , -0.449326
-30 , -31.0969 , 678.73 , -0.0811691
-30 , -30.2134 , 678.346 , -0.130257
-30 , -27.3172 , 677.09 , -0.424782
-30 , -28.9125 , 677.434 , 0.115181
-30 , -29.8452 , 677.705 , 0.0906372
-30 , -28.7653 , 676.441 , -0.424782
-30 , -28.6671 , 678.909 , 0.82695
-30 , -31.1706 , 677.21 , -0.572044
-30 , -29.747 , 681.73 , 1.51418
-30 , -31.0724 , 677.527 , -1.40653
-30 , -30.9251 , 678.088 , 0.188812
-30 , -29.8207 , 679.352 , 0.43425
-30 , -31.7596 , 674.81 , -1.52925
-30 , -30.9006 , 674.124 , -0.228432
-30 , -31.6369 , 671.261 , -0.964745
-30 , -29.428 , 668.714 , -0.86657
-30 , -30.1888 , 667.884 , -0.277519
-30 , -29.7225 , 669.75 , 0.6306
-30 , -29.3052 , 666.169 , -1.21018
-30 , -29.158 , 667.457 , 0.43425
-30 , -29.2316 , 665.179 , -0.768394
-30 , -30.0415 , 660.64 , -1.52925
-30 , -31.2933 , 663.021 , 0.6306
-30 , -30.1152 , 666.889 , 1.29328
-30 , -30.8515 , 667.304 , 0.139725
-30 , -27.3417 , 665.727 , -0.522957
-30 , -30.3361 , 666.768 , 0.360619
-30 , -30.4097 , 665.888 , -0.302063
-30 , -30.876 , 669.218 , 1.12148
-30 , -29.8943 , 665.26 , -1.3329
-30 , -28.8389 , 659.551 , -1.92195
-30 , -28.9616 , 661.416 , 0.6306
-30 , -30.287 , 660.525 , -0.302063
-30 , -30.5324 , 659.405 , -0.375694
-30 , -28.7407 , 655.432 , -1.35744
-30 , -29.3298 , 657.102 , 0.581512
-30 , -30.1152 , 661.56 , 1.48963
-30 , -30.4097 , 659.485 , -0.694763
-30 , -30.4342 , 657.489 , -0.670219
-30 , -30.3361 , 655.934 , -0.522957
-30 , -30.9251 , 653.709 , -0.743851
-30 , -30.4833 , 652.507 , -0.400238
-30 , -31.7842 , 654.1 , 0.532425
-30 , -28.6916 , 650.604 , -1.16109
-30 , -29.9925 , 648.888 , -0.572044
-30 , -31.6614 , 648.282 , -0.203888
-30 , -29.5752 , 649.947 , 0.556969
-30 , -29.6488 , 652.057 , 0.704231
-30 , -29.1089 , 651.077 , -0.326607
-30 , -30.557 , 652.966 , 0.6306
-30 , -29.3543 , 650.419 , -0.842026
-30 , -29.1825 , 654.541 , 1.39146
-30 , -29.2316 , 651.364 , -1.06292
-30 , -29.5261 , 646.342 , -1.67651
-30 , -31.1215 , 644.264 , -0.694763
-30 , -30.4588 , 646.078 , 0.606056
-30 , -30.8024 , 646.203 , 0.0415497
-30 , -27.9553 , 643.683 , -0.842026
-30 , -31.4651 , 646.41 , 0.925125
-30 , -30.3361 , 647.703 , 0.43425
-30 , -28.7162 , 648.41 , 0.2379
-30 , -28.5935 , 647.441 , -0.326607
-30 , -28.4953 , 644.355 , -1.03838
-30 , -30.5815 , 649.452 , 1.71053
-30 , -30.4097 , 653.848 , 1.46509
-30 , -29.3052 , 652.047 , -0.596588
-30 , -28.5198 , 653.471 , 0.483337
-30 , -29.7225 , 648.475 , -1.67651
-30 , -31.2687 , 654.871 , 2.2014
-30 , -29.8452 , 655.066 , 0.0660934
-30 , -31.0969 , 651.92 , -1.06292
-30 , -29.4525 , 649.022 , -0.964745
-30 , -29.8452 , 652.729 , 1.26874
-30 , -31.2687 , 650.478 , -0.743851
-30 , -29.0353 , 653.007 , 0.851494
-30 , -29.4525 , 649.477 , -1.18564
-30 , -29.2561 , 646.907 , -0.86657
-30 , -30.7288 , 654.875 , 2.66773
-30 , -30.2134 , 651.296 , -1.18564
-30 , -29.8697 , 654.882 , 1.19511
-30 , -29.6243 , 655.869 , 0.336075
-30 , -30.3361 , 656.139 , 0.0906372
-30 , -30.9006 , 658.753 , 0.900581
-30 , -30.0661 , 663.109 , 1.46509
-30 , -28.5444 , 660.386 , -0.915657
-30 , -27.489 , 656.933 , -1.16109
-30 , -31.8578 , 656.55 , -0.130257
-30 , -31.5633 , 654.34 , -0.743851
-30 , -29.8452 , 656.674 , 0.777863
-30 , -30.0661 , 655.696 , -0.326607
-30 , -29.5261 , 648.878 , -2.29011
-30 , -30.9006 , 654.859 , 2.00505
-30 , -31.4896 , 658.416 , 1.19511
-30 , -29.7961 , 655.867 , -0.86657
-30 , -29.0353 , 650.41 , -1.84832
-30 , -30.1643 , 651.047 , 0.213356
-30 , -31.7596 , 649.373 , -0.596588
-30 , -29.2561 , 648.474 , -0.302063
-30 , -30.2624 , 649.254 , 0.262444
-30 , -29.2561 , 646.665 , -0.86657
-30 , -30.0906 , 651.986 , 1.78416
-30 , -30.6061 , 654.349 , 0.802406
-30 , -30.557 , 655.062 , 0.2379
-30 , -29.0843 , 655.478 , 0.139725
-30 , -30.3606 , 655.018 , -0.1548
-30 , -30.4588 , 657.592 , 0.753319
-30 , -30.2134 , 664.292 , 2.25049
-30 , -28.6916 , 665.881 , 0.532425
-30 , -30.4833 , 664.69 , -0.400238
-30 , -29.9925 , 668.089 , 1.14602
-30 , -31.4896 , 672.907 , 1.58781
-30 , -30.1152 , 671.291 , -0.547501
-30 , -28.5444 , 675.064 , 1.26874
-30 , -31.2442 , 672.489 , -0.86657
-30 , -28.7407 , 670.066 , -0.817482
-30 , -31.4651 , 670.983 , 0.311531
-30 , -28.4462 , 669.718 , -0.424782
-30 , -27.9062 , 669.109 , -0.203888
-30 , -30.3361 , 671.419 , 0.777863
-30 , -31.2687 , 669.563 , -0.621132
-30 , -30.6551 , 670.49 , 0.311531
-30 , -28.4708 , 670.76 , 0.0906372
-30 , -30.1152 , 671.245 , 0.164268
-30 , -30.5324 , 669.255 , -0.670219
-30 , -30.6797 , 665.59 , -1.23473
-30 , -31.2197 , 663.206 , -0.792938
-30 , -29.4525 , 661.407 , -0.596588
-30 , -29.4525 , 661.166 , -0.0811691
-30 , -30.017 , 661.651 , 0.164268
-30 , -30.9497 , 667.211 , 1.85779
-30 , -30.0906 , 664.301 , -0.964745
-30 , -29.3298 , 657.506 , -2.29011
-30 , -30.1643 , 660.779 , 1.09693
-30 , -31.7351 , 660.325 , -0.1548
-30 , -29.9925 , 661.427 , 0.360619
-30 , -29.7961 , 657.477 , -1.3329
-30 , -32.0296 , 658.84 , 0.458794
-30 , -29.4525 , 656.351 , -0.842026
-30 , -29.477 , 659.399 , 1.0233
-30 , -29.9188 , 661.212 , 0.606056
-30 , -28.6916 , 659.429 , -0.596588
-30 , -29.8207 , 663.292 , 1.29328
-30 , -29.9925 , 665.896 , 0.876038
-30 , -29.5261 , 670.988 , 1.71053
-30 , -29.1089 , 666.801 , -1.40653
-30 , -30.9006 , 663.02 , -1.25927
-30 , -31.3669 , 660.224 , -0.940201
-30 , -30.6061 , 662.607 , 0.802406
-30 , -31.5633 , 663.246 , 0.213356
-30 , -28.5444 , 658.965 , -1.43107
-30 , -31.4405 , 663.177 , 1.39146
-30 , -29.6488 , 663.228 , 0.0170059
-30 , -28.888 , 665.681 , 0.82695
-30 , -29.7961 , 666.902 , 0.409706
-30 , -29.8452 , 672.571 , 1.90688
-30 , -30.6306 , 668.651 , -1.30836
-30 , -30.7779 , 668.337 , -0.105713
-30 , -29.2316 , 664.699 , -1.23473
-30 , -28.2499 , 661.011 , -1.23473
-30 , -31.8823 , 657.37 , -1.23473
-30 , -29.5016 , 655.975 , -0.473869
-30 , -29.3789 , 656.745 , 0.262444
-30 , -29.8697 , 659.045 , 0.777863
-30 , -30.0906 , 654.032 , -1.70106
-30 , -30.9742 , 657.353 , 1.12148
-30 , -30.4097 , 660.99 , 1.21965
-30 , -30.4833 , 658.184 , -0.940201
-30 , -29.6979 , 655.015 , -1.06292
-30 , -31.2933 , 650.956 , -1.35744
-30 , -30.9251 , 651.37 , 0.139725
-30 , -29.477 , 651.348 , -0.00753784
-30 , -29.6979 , 653.721 , 0.802406
-30 , -28.9862 , 651.428 , -0.768394
-30 , -30.4097 , 653.532 , 0.704231
-30 , -31.2933 , 656.437 , 0.974213
-30 , -30.017 , 660.297 , 1.29328
-30 , -29.3298 , 657.636 , -0.891113
-30 , -30.6797 , 652.358 , -1.77469
-30 , -30.9251 , 651.167 , -0.400238
-30 , -32.2259 , 650.586 , -0.1548
-30 , -30.7288 , 651.22 , 0.213356
-30 , -30.4833 , 651.344 , 0.0415497
-30 , -29.5261 , 651.613 , 0.0906372
-30 , -30.1643 , 651.371 , -0.0811691
-30 , -32.2259 , 653.029 , 0.556969
-30 , -28.8144 , 651.28 , -0.596588
-30 , -30.7779 , 653.377 , 0.704231
-30 , -30.2134 , 657.444 , 1.36691
-30 , -29.9925 , 661.144 , 1.24419
-30 , -30.2134 , 663.084 , 0.655144
-30 , -28.4953 , 661.671 , -0.473869
-30 , -30.7533 , 663.538 , 0.6306
-30 , -29.9925 , 665.557 , 0.679688
-30 , -29.9925 , 666.609 , 0.360619
-30 , -30.6797 , 663.101 , -1.18564
-30 , -30.2379 , 657.976 , -1.7256
-30 , -31.8823 , 657.734 , -0.0811691
-30 , -29.8207 , 657.712 , -0.00753784
-30 , -29.6243 , 661.335 , 1.21965
-30 , -28.618 , 659.71 , -0.547501
-30 , -30.4588 , 662.384 , 0.900581
-30 , -30.5815 , 661.351 , -0.351151
-30 , -29.158 , 665.023 , 1.24419
-30 , -29.8207 , 668.576 , 1.19511
-30 , -29.8207 , 666.226 , -0.792938
-30 , -31.1706 , 669.697 , 1.17056
-30 , -31.686 , 665.492 , -1.40653
-30 , -28.888 , 665.837 , 0.115181
-30 , -29.1334 , 664.493 , -0.449326
-30 , -29.8452 , 662.554 , -0.645676
-30 , -29.8943 , 662.753 , 0.0660934
-30 , -30.4833 , 666.177 , 1.14602
-30 , -30.017 , 668.886 , 0.900581
-30 , -28.4462 , 664.68 , -1.40653
-30 , -31.146 , 663.336 , -0.449326
-30 , -31.1706 , 663.02 , -0.105713
-30 , -30.6306 , 663.071 , 0.0170059
-30 , -30.5079 , 661.118 , -0.645676
-30 , -30.9988 , 658.782 , -0.768394
-30 , -31.7596 , 659.423 , 0.213356
-30 , -31.7351 , 661.087 , 0.556969
-30 , -29.1089 , 659.558 , -0.522957
-30 , -27.9308 , 657.637 , -0.645676
-30 , -29.9925 , 667.535 , 3.33041
-30 , -30.1152 , 667.294 , -0.0811691
-30 , -29.5752 , 670.343 , 1.0233
-30 , -30.3115 , 669.665 , -0.228432
-30 , -28.7407 , 669.568 , -0.0320816
-30 , -30.4097 , 668.593 , -0.326607
-30 , -30.2379 , 666.032 , -0.86657
-30 , -31.3915 , 665.644 , -0.130257
-30 , -28.6916 , 662.421 , -1.08746
-30 , -29.3298 , 660.433 , -0.670219
-30 , -30.017 , 662.018 , 0.532425
-30 , -30.7779 , 660.734 , -0.424782
-30 , -30.1397 , 659.969 , -0.252975
-30 , -28.5198 , 658.21 , -0.596588
-30 , -29.9925 , 662.55 , 1.46509
-30 , -29.5998 , 659.659 , -0.964745
-30 , -30.4588 , 661.313 , 0.556969
-30 , -29.7716 , 664.481 , 1.07239
-30 , -30.287 , 657.788 , -2.26556
-30 , -30.8024 , 660.876 , 1.04784
-30 , -30.7288 , 660.197 , -0.228432
-30 , -29.1089 , 657.785 , -0.817482
-30 , -28.5935 , 654.851 , -0.989288
-30 , -29.9434 , 652.928 , -0.645676
-30 , -29.6243 , 652.11 , -0.277519
-30 , -29.477 , 655.953 , 1.29328
-30 , -29.9925 , 659.645 , 1.24419
-30 , -29.3052 , 655.468 , -1.40653
-30 , -30.017 , 660.38 , 1.66144
-30 , -31.2933 , 661.667 , 0.43425
-30 , -29.3298 , 662.008 , 0.115181
-30 , -29.5998 , 659.151 , -0.940201
-30 , -31.4896 , 657.614 , -0.522957
-30 , -29.1089 , 659.199 , 0.532425
-30 , -32.1769 , 658.886 , -0.105713
-30 , -29.5261 , 661.58 , 0.900581
-30 , -27.8817 , 659.134 , -0.817482
-30 , -29.428 , 659.692 , 0.188812
-30 , -29.9188 , 660.466 , 0.262444
-30 , -29.2316 , 659.798 , -0.228432
-30 , -29.2561 , 662.909 , 1.04784
-30 , -29.7716 , 653.896 , -3.02642
-30 , -31.2197 , 660.312 , 2.15231
-30 , -31.3669 , 657.136 , -1.06292
-30 , -30.0661 , 657.041 , -0.0320816
-30 , -30.9497 , 655.554 , -0.498413
-30 , -29.6979 , 654.065 , -0.498413
-30 , -29.5507 , 659.178 , 1.71053
-30 , -29.5507 , 661.054 , 0.6306
-30 , -30.1643 , 661.781 , 0.2379
-30 , -29.2071 , 660.668 , -0.375694
-30 , -30.1888 , 666.128 , 1.83324
-30 , -29.0353 , 666.98 , 0.286987
-30 , -29.6488 , 663.395 , -1.21018
-30 , -30.4342 , 659.496 , -1.30836
-30 , -30.2624 , 653.866 , -1.89741
-30 , -31.2687 , 658.365 , 1.48963
-30 , -31.3669 , 656.715 , -0.547501
-30 , -30.287 , 654.134 , -0.86657
-30 , -28.1271 , 652.014 , -0.719307
-30 , -29.5507 , 650.19 , -0.621132
-30 , -30.6551 , 655.107 , 1.66144
-30 , -29.8452 , 656.843 , 0.581512
-30 , -28.9862 , 653.223 , -1.21018
-30 , -30.1888 , 649.236 , -1.3329
-30 , -31.3424 , 650.976 , 0.581512
-30 , -31.956 , 650.954 , -0.00753784
-30 , -29.2561 , 649.833 , -0.375694
-30 , -28.5935 , 649.443 , -0.130257
-30 , -30.1152 , 650.867 , 0.43425
-30 , -30.4588 , 654.068 , 1.07239
-30 , -29.6488 , 655.281 , 0.409706
-30 , -29.0353 , 656.745 , 0.507881
-30 , -28.6671 , 657.745 , 0.336075
-30 , -29.5016 , 658.674 , 0.311531
-30 , -30.1152 , 655.647 , -1.01383
-30 , -30.6306 , 653.569 , -0.694763
-30 , -29.8452 , 650.986 , -0.86657
-30 , -30.9251 , 645.548 , -1.82377
-30 , -30.1397 , 648.01 , 0.802406
-30 , -31.7596 , 648.867 , 0.286987
-30 , -30.9251 , 647.945 , -0.302063
-30 , -29.9679 , 650.678 , 0.949669
-30 , -31.6124 , 646.005 , -1.57834
-30 , -29.477 , 645.33 , -0.228432
-30 , -30.7288 , 650.49 , 1.73507
-30 , -29.7961 , 652.51 , 0.679688
-30 , -28.618 , 647.729 , -1.75014
-30 , -30.3115 , 647.923 , 0.0660934
-30 , -31.0233 , 652.38 , 1.48963
-30 , -31.4405 , 649.59 , -0.940201
-30 , -29.1825 , 647.865 , -0.572044
-30 , -32.0051 , 642.4 , -1.82377
-30 , -30.6306 , 643.828 , 0.483337
-30 , -29.6734 , 644.666 , 0.286987
-30 , -29.6488 , 643.257 , -0.473869
-30 , -29.4525 , 644.843 , 0.532425
-30 , -30.0906 , 647.675 , 0.949669
-30 , -29.5261 , 651.169 , 1.17056
-30 , -30.5079 , 655.837 , 1.56326
-30 , -29.9434 , 650.979 , -1.62742
-30 , -30.287 , 653.093 , 0.704231
-30 , -31.2933 , 652.334 , -0.252975
-30 , -29.4034 , 659.27 , 2.37321
-30 , -31.7105 , 658.294 , -0.326607
-30 , -27.759 , 655.2 , -1.03838
-30 , -29.9188 , 653.654 , -0.522957
-30 , -30.2624 , 656.043 , 0.802406
-30 , -30.3115 , 658.85 , 0.949669
-30 , -29.4034 , 660.222 , 0.458794
-30 , -29.3052 , 657.564 , -0.891113
-30 , -30.1397 , 654.609 , -0.989288
-30 , -29.4034 , 658.083 , 1.17056
-30 , -31.4896 , 655.324 , -0.891113
-30 , -29.7716 , 656.837 , 0.507881
-30 , -31.7351 , 649.897 , -2.36374
-30 , -29.6734 , 651.85 , 0.655144
-30 , -29.5752 , 655.999 , 1.39146
-30 , -29.0843 , 656.774 , 0.262444
-30 , -28.2008 , 654.858 , -0.645676
-30 , -30.287 , 656.886 , 0.679688
-30 , -29.9434 , 658.323 , 0.483337
-30 , -30.4342 , 656.773 , -0.522957
-30 , -30.4833 , 655.651 , -0.375694
-30 , -29.5507 , 651.892 , -1.48016
-30 , -29.7716 , 653.548 , 0.556969
-30 , -31.686 , 655.267 , 0.581512
-30 , -29.0353 , 656.124 , 0.286987
-30 , -27.9308 , 656.687 , 0.188812
-30 , -30.9251 , 659.661 , 0.998756
-30 , -30.876 , 660.958 , 0.43425
-30 , -30.1397 , 661.522 , 0.188812
-30 , -30.2134 , 658.939 , -0.86657
-30 , -28.8144 , 658.351 , -0.203888
-30 , -31.2442 , 661.316 , 0.974213
-30 , -31.1215 , 658.602 , -0.915657
-30 , -30.4588 , 659.541 , 0.311531
-30 , -28.2008 , 655.773 , -1.28381
-30 , -29.0843 , 656.918 , 0.385162
-30 , -31.4896 , 656.534 , -0.130257
-30 , -28.9125 , 661.781 , 1.73507
-30 , -29.5261 , 657.878 , -1.30836
-30 , -29.5998 , 657.929 , 0.0170059
-30 , -30.3606 , 662.325 , 1.48963
-30 , -31.4651 , 658.516 , -1.28381
-30 , -30.3115 , 656.08 , -0.817482
-30 , -28.8144 , 655.398 , -0.228432
-30 , -28.9616 , 651.556 , -1.28381
-30 , -29.747 , 655.276 , 1.24419
-30 , -31.2933 , 653.926 , -0.449326
-30 , -28.9125 , 650.863 , -1.03838
-30 , -28.0781 , 647.712 , -1.06292
-30 , -29.8943 , 646.821 , -0.302063
-30 , -32.3241 , 645.194 , -0.547501
